gps_waypoint,gps_id,individual_id,site,date,limpet_location_solar_refuge_category,shore,shore_type,substrate,substrate_subtype,spot_on_transect,spot_notes,length_cm,width_cm,height_ww_cm,width_cm_normalized,height_ww_cm_normalized,height_index,width_index,height_index_normalized,width_index_normalized,est_surface_area_cm2,est_surface_area_cm2_normalized,cross_sectional_area_cm2,cross_sectional_area_cm2_normalized,thermal_dissipation_index,thermal_dissipation_index_normalized,limu_on_shell,erosion,color_ribs,color_interrib,surface_angle,compass_surface,compass_ocean,compass_surface_relative_ocean,shelter_type,dist_to_shelter_cm,dist_to_open_h2o_cm,dist_to_underrock_cm,dist_to_littpint_cm,dist_to_crustose_cm,altitude_est_hypotenuse_cm,altitude_est_adjacent_cm,altitude_est_opposite_cm
48,NA,1,KahuluiBreakwaterBasaltInside,6/12/2023,refuge,north,bb,basalt,NA,boulder,boulder,4.3688,3.6322,1.0922,3.0001262001134963,0.8927476789749131,0.25,0.8313953488372092,0.24849296054694434,0.8350738501349904,14.240234726601097,9.653141939883351,12.462977155882054,8.46533295943476,1.142602971062997,1.1403145022340508,0,0,100black,tanbrown,53,170,107,63,underrock,0,0,NA,46.3296,-27.432000000000002,NA,NA,NA
48,NA,2,KahuluiBreakwaterBasaltInside,6/12/2023,exposed,north,bb,basalt,NA,boulder,boulder,2.6924,2.159,0.7365999999999999,2.862201470543309,0.9916976975542944,0.2735849056603773,0.8018867924528301,0.27603532625905564,0.7966830201270239,5.366813768175026,9.527803295590184,4.565434386668454,8.076156411092406,1.1755319020347075,1.1797447709784294,0,0,100black,tanbrown,83.5,354,107,113,crevice,-28.956,-13.716000000000001,NA,30.48,-28.956,NA,NA,NA
50,NA,3,KahuluiBreakwaterBasaltInside,6/12/2023,exposed,north,bb,basalt,NA,boulder,boulder,3.7592,3.0225999999999997,1.1176,2.891639092738896,1.0665893014858805,0.2972972972972973,0.8040540540540541,0.2968811226910752,0.8048768716072576,10.743826351136764,9.816827446141877,8.924132121865128,8.159219341381894,1.2039071367862406,1.203157684014319,0,0,100black,brown,75.7,85,123,38,crevice,-33.528000000000006,-87.47760000000001,NA,84.7344,-87.47760000000001,NA,NA,NA
49,NA,4,KahuluiBreakwaterBasaltInside,6/12/2023,exposed,north,bb,basalt,NA,boulder,boulder,3.7338,3.1242,0.9906,3.00870884306492,0.9520166671514662,0.2653061224489796,0.8367346938775511,0.264990260609964,0.8374627965378144,10.611485282221011,9.828647299673374,9.161777929561856,8.48955025077837,1.1582342820143519,1.1577347455799827,0,0,100black,tan,56.3,64,97,33,underrock,-19.812,-40.8432,NA,131.064,-40.8432,NA,NA,NA
49,NA,5,KahuluiBreakwaterBasaltInside,6/12/2023,refuge,north,bb,basalt,NA,boulder,boulder,3.4290000000000003,2.8194000000000004,0.9398,2.9508481732454004,0.9860716662041253,0.274074074074074,0.8222222222222223,0.2744693415813484,0.821357496595516,8.893822362316056,9.758178910291864,7.593011574276006,8.326287173625275,1.1713168451431055,1.171972417814547,0,0,100black,black,81.4,181,97,84,crevice,0,-24.079199999999997,NA,100.584,-24.079199999999997,NA,NA,NA
50,NA,6,KahuluiBreakwaterBasaltInside,6/12/2023,refuge,north,bb,basalt,NA,boulder,boulder,3.7846,3.1496,1.1176,2.9933690663497723,1.059210471556593,0.29530201342281875,0.832214765100671,0.29482725311775254,0.8331930273523565,11.178400095371057,10.078184094801717,9.36192738380537,8.446266632438517,1.194027643784964,1.1932116914348523,0,0,100black,tanbrown,22,312,98,146,underrock,0,-190.5,NA,53.34,-10.668,NA,NA,NA
51,NA,7,KahuluiBreakwaterBasaltInside,6/12/2023,exposed,north,bb,concrete,NA,boulder,boulder,3.3528000000000002,2.6924,0.9652000000000001,2.8805094597768743,1.036458430076331,0.2878787878787879,0.803030303030303,0.2884943078981032,0.8017789801092823,8.45461895247037,9.70123759333277,7.089851047532189,8.127815312865943,1.1924959912117228,1.1935848958054172,0,0,100black,tan,36.3,128,106,22,crevice,-44.196000000000005,-44.196000000000005,NA,239.268,-44.196000000000005,NA,NA,NA
52,NA,8,KahuluiBreakwaterBasaltInside,6/12/2023,exposed,north,bb,basalt,NA,boulder,boulder,3.3782,2.6924,0.8636,2.8593385205106796,0.9201702278789493,0.2556390977443609,0.7969924812030076,0.25612592395126454,0.795886128747454,8.256741877052523,9.331765620621546,7.143562040316524,8.0680781424944,1.1558297989789243,1.156628066288963,0,0,100black,tan,52.9,96,110,14,crevice,-3.962400000000001,-19.2024,NA,163.06799999999998,-19.2024,NA,NA,NA
51,NA,9,KahuluiBreakwaterBasaltInside,6/12/2023,refuge,north,bb,basalt,NA,boulder,boulder,2.921,2.2606,0.7874,2.7674393695660204,0.9746686122666572,0.26956521739130435,0.773913043478261,0.27129534438266445,0.7703063455368044,6.10805136023406,9.220856220975508,5.1861510485628894,7.8087700802513975,1.1777619477409231,1.1808333612351216,0,0,100black,tan,81.1,282,106,176,underrock,0,-21.336,NA,80.77199999999999,-21.336,NA,NA,NA
52,NA,10,KahuluiBreakwaterBasaltInside,6/12/2023,refuge,north,bb,basalt,NA,boulder,boulder,3.5052,2.8448,0.9398,2.91415086766104,0.9639801583248032,0.26811594202898553,0.8115942028985508,0.2683202534065326,0.8111429395336323,9.138369662138006,9.597473436792104,7.831670796930926,8.222739892689566,1.1668480326980992,1.1671867968637493,0,0,100black,tan,71.8,88,110,22,crevice,0,-5.791200000000001,NA,73.4568,-5.791200000000001,NA,NA,NA
54,NA,11,KahuluiBreakwaterBasaltInside,6/12/2023,exposed,north,bb,basalt,NA,boulder,boulder,4.3688,3.3782,1.2954,2.790327165140525,1.0588402704121063,0.29651162790697677,0.7732558139534883,0.29472420902079444,0.7766770773982778,14.047796689600657,9.515357965452377,11.591440291834358,7.873351633600162,1.211911232420072,1.208552393982357,0,0,100black,tan,94.3,96,100,4,underrock,-57.607200000000006,-57.607200000000006,NA,46.3296,-57.607200000000006,NA,NA,NA
54,NA,12,KahuluiBreakwaterBasaltInside,6/12/2023,refuge,north,bb,basalt,NA,boulder,boulder,4.4704,3.6068,1.524,2.9129495083626487,1.2165183633922791,0.34090909090909094,0.8068181818181818,0.33861331347977175,0.8108085456889115,15.959629564944903,10.32176780940091,12.663633317604662,8.219350066466784,1.260272558804923,1.2557888064059404,0,0,100black,brown,110.7,296,100,164,crevice,0,-5.486400000000001,NA,97.8408,-5.486400000000001,NA,NA,NA
55,NA,13,KahuluiBreakwaterBasaltInside,6/12/2023,exposed,north,bb,basalt,NA,boulder,boulder,4.181808128982119,3.4290000000000003,1.4731999999999998,2.9560142492903485,1.259718772770077,0.3522878034001495,0.8199802320520723,0.35063798503697513,0.8227954544430165,14.317758454002876,10.5769224399053,11.26215419052377,8.340864078361014,1.2713161453649924,1.2680847380483478,0,0,100black,tanbrown,98.2,64,93,29,underrock,-15.24,-32.613600000000005,NA,147.828,-32.613600000000005,NA,NA,NA
55,NA,14,KahuluiBreakwaterBasaltInside,6/13/2023,refuge,north,bb,basalt,NA,boulder,boulder,3.5052,2.8448,1.2446,2.91415086766104,1.27662237183555,0.3550724637681159,0.8115942028985508,0.3553430382951377,0.8111429395336323,10.010022663397638,10.514315118426843,7.831670796930926,8.222739892689566,1.2781465057648191,1.2786875488758442,0,0,100black,tan,142.9,90,93,3,underrock,0,-36.88080000000001,NA,135.63599999999997,-36.88080000000001,NA,NA,NA
56,NA,15,KahuluiBreakwaterBasaltInside,6/13/2023,exposed,north,bb,basalt,NA,boulder,boulder,3.302,2.6670000000000003,0.9398,2.8962341105976175,1.0251928311730572,0.2846153846153846,0.8076923076923077,0.28535857079148497,0.8061558775552662,8.212069360684277,9.713471292265417,6.916557089680845,8.172184914672494,1.1873059463264275,1.1886015054340815,0,0,100black,black,26.9,144,110,34,underrock,-25.2984,-59.436,NA,237.744,-59.436,NA,NA,NA
56,NA,16,KahuluiBreakwaterBasaltInside,6/13/2023,refuge,north,bb,basalt,NA,boulder,boulder,3.7338,3.0987999999999998,1.1684,2.984247795560327,1.122891453563268,0.3129251700680272,0.8299319727891156,0.31255261507841914,0.8306541559155557,11.053355340757244,10.236707357514174,9.087291930134523,8.420529517032204,1.216353059386485,1.215684516847591,0,0,100black,brown,79.7,95,110,15,crevice,-14.3256,-38.4048,NA,243.84,-38.4048,NA,NA,NA
57,NA,17,KahuluiBreakwaterBasaltInside,6/13/2023,exposed,north,bb,basalt,NA,boulder,boulder,3.5814,2.7178,1.0413999999999999,2.7261425916432565,1.0447718921826887,0.2907801418439716,0.7588652482269503,0.2908083288245712,0.7588115426392372,9.24163980597938,9.299535116806036,7.644695737143949,7.6922446570025995,1.20889570020115,1.20894947202963,0,0,100black,brown,48.2,172,120,52,crevice,-30.48,-30.7848,NA,152.4,-30.7848,NA,NA,NA
57,NA,18,KahuluiBreakwaterBasaltInside,6/13/2023,refuge,north,bb,basalt,NA,boulder,boulder,3.3274000000000004,2.6162,0.9398,2.81986787056955,1.0171259698468766,0.282442748091603,0.7862595419847328,0.2831131902651912,0.7848996217090426,8.137969661653722,9.48029285769382,6.837004015462537,7.956705429618418,1.190283001625994,1.1914847095386902,0,0,100black,tan,141,120,120,0,underrock,0,-12.496799999999999,NA,134.11200000000002,-12.496799999999999,NA,NA,NA
60,NA,19,KahuluiBreakwaterBasaltInside,6/13/2023,exposed,north,bb,basalt,NA,boulder,boulder,4.3434,3.6068,1.3716000000000002,2.996173864989433,1.1278845579854022,0.31578947368421056,0.8304093567251462,0.3139424269249208,0.8339737325102883,15.008690136992788,10.284632058061728,12.303871007445439,8.454180817637793,1.2198348087289426,1.2165143234936613,0,0,100black,tan,45.5,189,121,68,underrock,13.411200000000001,-27.432000000000002,NA,9.4488,-27.432000000000002,NA,NA,NA
60,NA,20,KahuluiBreakwaterBasaltInside,6/13/2023,refuge,north,bb,basalt,NA,boulder,boulder,3.5305999999999997,2.8448,0.8889999999999999,2.8936572752530982,0.9051108465462103,0.2517985611510791,0.8057553956834533,0.2519342017664759,0.8054386251236084,9.068850420691966,9.388485650572282,7.888422034589845,8.164913964146425,1.149640622791995,1.149857266322557,0,0,100black,tan,127.3,71,121,50,underrock,0,-24.0792,NA,105.156,-24.0792,NA,NA,NA
62,NA,21,HonoluaAdjacentInnerSide,6/13/2023,refuge,north,ba1 tp,basalt,'a'a,slope,slope,3.3782,2.8448,1.2954,3.0211878707282653,1.380255341818424,0.3834586466165414,0.8421052631578948,0.3841888859268968,0.840936286978442,9.86358512803012,11.152623288297045,7.547914608636327,8.524761810937479,1.3067960674520884,1.3082621585963792,2.5,10,100black,tanwhite,178.4,163,175,12,underrock,0,-170.688,NA,365.76,-170.688,NA,NA,NA
63,NA,22,HonoluaAdjacentInnerSide,6/13/2023,exposed/refuge,north,ba1 tp,basalt,NA,cliff,cliff,3.2766,2.6924,1.3589,2.9459690478074196,1.494221321513074,0.4147286821705426,0.8217054263565892,0.4159108879694833,0.8199994103707992,9.428222344188569,11.332416432169232,6.928718069179184,8.312519945639401,1.3607455592872018,1.3632949462111081,0,10,100black,grey,94.5,131,92,39,crustose,-30.48,-70.104,NA,91.44,-30.48,NA,NA,NA
64,NA,23,HonoluaAdjacentInnerSide,6/13/2023,exposed,north,ba1 tp,basalt,NA,bench,bench,3.048,2.4765,0.9906,2.908214897711813,1.173559529910337,0.325,0.8125,0.3266558836650806,0.8094906846119562,7.333801226695793,10.176951848964974,5.928477505440724,8.205990609924227,1.2370463107881182,1.2401856561543088,2.5,10,100black,tan,30.4,232,67,165,crustose,-21.336,-21.336,NA,82.296,-21.336,NA,NA,NA
64,NA,24,HonoluaAdjacentInnerSide,6/13/2023,refuge,north,ba1 tp,basalt,NA,bench,bench,2.9463999999999997,2.5146,1.1176,3.052446225603739,1.3711077310658422,0.37931034482758624,0.8534482758620691,0.38164268286037056,0.8496369325558715,7.546717894996025,11.209775098960828,5.819028689955664,8.612962227898288,1.296903366024395,1.3015005525800625,0,25,100black,grey,72.8,219,67,152,crustose,-33.528000000000006,-60.96,NA,79.248,-33.528000000000006,NA,NA,NA
65,NA,25,HonoluaAdjacentInnerSide,6/13/2023,exposed,north,ba1 tp,basalt,NA,cliff,cliff,3.0987999999999998,2.4892,1.1938,2.8762815350610214,1.3903939988557539,0.3852459016393443,0.8032786885245902,0.38701094300137623,0.8006021531576645,8.02555861957226,10.781947701661638,6.058194620089682,8.115885551229328,1.3247442716611595,1.3284992295176559,0,50,100black,greywhite,103.4,76,57,19,underrock,-19.5072,-47.244,NA,109.72800000000001,-47.244,NA,NA,NA
65,NA,26,HonoluaAdjacentInnerSide,6/13/2023,exposed/refuge,north,ba1 tp,basalt,NA,cliff,cliff,3.2512000000000003,2.5654,1.1938,2.8284411490379218,1.3232540172261735,0.36718749999999994,0.7890624999999999,0.3683227814982751,0.7872859615432108,8.543054212375042,10.427338598744884,6.5507142897724515,7.980896297584561,1.3041408668537422,1.3065372872844803,0,75,100black,tanwhite,105,66,57,9,underrock,-22.86,-91.44,NA,91.44,-91.44,NA,NA,NA
68,NA,27,HonoluaAdjacentInnerSide,6/13/2023,exposed/refuge,north,ba1 tp,basalt,NA,bench2,bench2,3.3528000000000002,2.7178,1.4224,2.9076840773219392,1.5274124232703825,0.42424242424242425,0.8106060606060606,0.42514950637615206,0.8093429327518227,9.879063162941069,11.341850307449928,7.156736434773059,8.204492815817508,1.3803866123867303,1.3823950562286902,2.5,50,100black,grey,12.1,247,67,180,crustose,-22.86,-22.86,NA,353.568,-22.86,NA,NA,NA
68,NA,28,HonoluaAdjacentInnerSide,6/13/2023,refuge,north,ba1 tp,basalt,NA,cliff,cliff,3.4290000000000003,2.7686,1.3462,2.897679737691429,1.4124810353734771,0.3925925925925926,0.8074074074074074,0.3931587865894991,0.8065582624226237,9.94560180972745,10.91594611784649,7.45620055491968,8.176263981307702,1.3338699430724454,1.3350775051786679,2.5,25,100black,tan,133.7,62,67,5,underrock,0,-44.196,NA,335.28000000000003,-44.196,NA,NA,NA
69,NA,29,HonoluaAdjacentInnerSide,6/14/2023,exposed/refuge,north,ba1 tp,basalt,NA,cliff,cliff,4.318,3.5559999999999996,1.4605,2.9709572376421747,1.2082718677879298,0.3382352941176471,0.8235294117647058,0.3363179324274065,0.8269547790790968,15.08774482095929,10.457441707223518,12.059638002520442,8.38302809526216,1.251094337807319,1.2474539734793153,2.5,50,100black,tan,40.6,40,25,15,underrock,-6.096,-12.192,NA,182.88,-12.192,NA,NA,NA
69,NA,30,HonoluaAdjacentInnerSide,6/14/2023,exposed/refuge,north,ba1 tp,basalt,NA,cliff,cliff,3.175,2.3495000000000004,1.1176,2.6511542033935704,1.2694523124963728,0.352,0.7400000000000001,0.3533472792307901,0.7379388066560929,7.6327716432957535,9.768093474074455,5.858805227064818,7.480652999758,1.3027863783619358,1.3057808555470296,0,50,100black,tan,32.7,215,25,170,underrock,-6.096,-42.672,NA,182.88,-42.672,NA,NA,NA
70,NA,31,HonoluaAdjacentInnerSide,6/14/2023,exposed,north,ba1 tp,basalt,NA,slope,slope,3.1496,2.5908,0.9906,2.946476781748191,1.1345521979057653,0.31451612903225806,0.8225806451612904,0.3157983394326682,0.8201407362046086,7.821610858246376,10.166172641157043,6.408836195625152,8.313952597660265,1.2204416869923471,1.2227845325962088,0,90,100black,grey,59.4,150,41,109,crevice,-36.576,-106.68,NA,48.768,-106.68,NA,NA,NA
70,NA,32,HonoluaAdjacentInnerSide,6/14/2023,exposed,north,ba1 tp,basalt,NA,slope,slope,3.3909,2.7686,1.3208,2.929499067866375,1.4018856946158735,0.3895131086142322,0.8164794007490638,0.3902096133181849,0.8154150533659192,9.773470010640482,10.96882090086667,7.373353882087239,8.266047279245942,1.3255121301561374,1.3269729207098466,2.5,50,100black,tangrey,64.6,55,51,4,crevice,-45.72,-73.152,NA,73.152,-73.152,NA,NA,NA
71,NA,33,HonoluaAdjacentInnerSide,6/14/2023,exposed,north,ba1 tp,basalt,NA,slope,slope,2.921,2.4384,0.9906,2.985103140206044,1.2261959960774076,0.33913043478260874,0.8347826086956522,0.341307046158836,0.8308922378823957,6.985386110836333,10.55249915378075,5.594050569236375,8.42294300791162,1.2487170118288518,1.2528280369306608,2.5,25,100black,tan,38,31,33,2,crustose,-24.384,-24.384,NA,195.072,-24.384,NA,NA,NA
72,NA,34,HonoluaAdjacentInnerSide,6/14/2023,exposed,north,ba1 tp,basalt,NA,cliff,(slope on cliff),4.2672,3.5305999999999997,1.524,2.9840548504071,1.2762818319716314,0.35714285714285715,0.8273809523809523,0.3552482503041271,0.8306004503574481,15.091554307978582,10.707834053714622,11.832633051884766,8.419985091612729,1.2754180951782932,1.2717165098523575,0,75,100black,tan,41.2,354,37,43,crustose,-27.432000000000002,-27.432000000000002,NA,195.072,-27.432000000000002,NA,NA,NA
73,NA,35,HonoluaAdjacentInnerSide,6/14/2023,exposed,north,ba1 tp,basalt,NA,cliff,NA,3.6957000000000004,2.921,1.3081,2.8413628433941382,1.27051327997933,0.3539518900343642,0.7903780068728521,0.3536425955414265,0.7908826665937867,10.890618508408172,10.293203424225785,8.478482893998882,8.017356912181802,1.2845008528727013,1.2838649366583639,0,75,100black,tan,45.9,29,36,7,crustose,-18.288,-18.288,NA,111.252,-18.288,NA,NA,NA
73,NA,36,HonoluaAdjacentInnerSide,6/14/2023,refuge,north,ba1 tp,basalt,NA,cliff,NA,3.6957000000000004,2.9463999999999997,1.3970000000000002,2.866070346380174,1.3568588426963721,0.3780068728522337,0.797250859106529,0.37767655834521285,0.797759907172863,11.259901322558107,10.641850619822579,8.552208832207565,8.087073059244252,1.3166073868721948,1.3159088018449376,0,75,100black,tan,44.4,30,36,6,crustose,-47.244,-47.244,NA,103.632,-47.244,NA,NA,NA
74,NA,37,HonoluaAdjacentInnerSide,6/14/2023,exposed/refuge,north,ba1 tp,basalt,NA,cliff,(in crevice),3.2004,2.6924,1.1684,3.0145097635014357,1.316297454200461,0.3650793650793651,0.8412698412698413,0.3663864483302341,0.839077460935287,8.672785675343583,10.922226711058254,6.76758509082618,8.505918469876766,1.2815185267637053,1.2840737599047896,0,75,100black,tangrey,63,69,162,93,underrock,-30.48,-45.72,NA,48.768,-45.72,NA,NA,NA
74,NA,38,HonoluaAdjacentInnerSide,6/14/2023,exposed/refuge,north,ba1 tp,basalt,NA,cliff,(in crevice),3.6068,2.8701999999999996,1.2192,2.8591917078180362,1.2142685652396068,0.33802816901408456,0.7957746478873239,0.3379870906211108,0.795845263986335,10.245948399571294,10.165945207532411,8.130628209598447,8.067663887145457,1.2601668819975864,1.2600853666859166,0,10,100black,tangrey,52.1,248,162,86,crustose,-24.384,-24.384,NA,73.152,-24.384,NA,NA,NA
75,NA,39,HonoluaAdjacentInnerSide,6/14/2023,exposed/refuge,north,ba1 tp,basalt,NA,bench,(in crevice),4.1402,3.3528000000000002,1.4731999999999998,2.918713382581,1.2727720451436435,0.35582822085889565,0.8098159509202454,0.3542713143340702,0.8124128984108172,13.953318254355908,10.514698313822851,10.902318120261763,8.23561375377194,1.2798487533054017,1.2767352413785897,2.5,25,75black25brown,tangrey,99.4,121,225,104,crustose,-10.3632,-10.3632,NA,274.32,-10.3632,NA,NA,NA
75,NA,40,HonoluaAdjacentInnerSide,6/14/2023,exposed,north,ba1 tp,basalt,NA,bench,(open),4.7498000000000005,3.81,1.9939,2.900021286157021,1.4951826543412463,0.41978609625668445,0.8021390374331551,0.41617847134849334,0.8072100236359906,19.57951057676157,11.207125354641109,14.213144788684813,8.182871032504794,1.3775635770873846,1.3695835251616553,2.5,10,100black,tan,44.9,221,225,4,crustose,-18.288,-18.288,NA,457.2,-18.288,NA,NA,NA
75,NA,41,KahuluiBreakwaterConcreteInside,6/14/2023,exposed,north,bc,concrete,NA,boulder,NA,3.3274000000000004,2.6162,1.016,2.81986787056955,1.0995956430777045,0.30534351145038163,0.7862595419847328,0.3060683138002067,0.7848996217090426,8.337178033342814,9.713462728107581,6.837004015462537,7.956705429618418,1.219419794765001,1.2207895358234235,0,0,100black,tan,79.3,156,106,50,NA,-42.3672,-42.3672,NA,71.628,-42.3672,NA,NA,NA
75,NA,42,KahuluiBreakwaterConcreteInside,6/14/2023,exposed,north,bc,concrete,NA,boulder,NA,4.1402,3.2766,1.4478,2.852378987522341,1.2508276995377188,0.3496932515337423,0.7914110429447853,0.34816318822486214,0.7939489689014805,13.617074267484453,10.261307826882947,10.654538162983085,8.048440713913486,1.2780539202341088,1.2749435812012675,2.5,0,100black,tanbrown,83.4,141,106,35,NA,-25.2984,-25.2984,-62.1792,44.8056,-25.2984,NA,NA,NA
76,NA,43,KahuluiBreakwaterConcreteInside,6/14/2023,exposed,north,bc,concrete,NA,boulder,NA,3.5941,2.9972,1.1176,2.9960162761735276,1.117134464778977,0.31095406360424027,0.8339222614840989,0.3109501788912014,0.8339298682557674,10.260791244530846,10.252536064520392,8.46049477849092,8.453736155744144,1.212788555891177,1.2127816477397393,0,0,100black,tanbrown,71.1,349,118,129,NA,-39.3192,-39.3192,NA,205.74,-39.3192,NA,NA,NA
76,NA,44,KahuluiBreakwaterConcreteInside,6/14/2023,exposed,north,bc,concrete,NA,boulder,NA,3.3274000000000004,2.6670000000000003,0.8889999999999999,2.87462258650294,0.9621461876929913,0.2671755725190839,0.8015267175572519,0.26780977457518085,0.8001403910626165,8.141233970499181,9.483183259660997,6.969761374986083,8.111204564174116,1.1680792974803154,1.169146109512105,0,0,100black,brown,64.4,350,118,128,NA,-45.72,-45.72,NA,236.22,-45.72,NA,NA,NA
77,NA,45,KahuluiBreakwaterConcreteInside,6/14/2023,exposed,north,bc,concrete,NA,boulder,NA,3.683,2.9463999999999997,1.016,2.8757299095065783,0.9903145861864205,0.27586206896551724,0.7999999999999999,0.2756503424090122,0.800448610258181,10.04591483994847,9.561467035965729,8.52281979841991,8.114329052043686,1.1787078780911142,1.1783435173309325,0,25,100black,brown,NA,156,117,39,NA,-52.4256,-52.4256,NA,129.8448,-52.4256,NA,NA,NA
77,NA,46,KahuluiBreakwaterConcreteInside,6/14/2023,exposed,north,bc,concrete,NA,boulder,NA,3.9624,3.1242,1.3716000000000002,2.838934531117954,1.2398486702024472,0.3461538461538462,0.7884615384615384,0.345107216680264,0.7902067549998923,12.38830779124593,10.189658431706492,9.722703108922786,8.01050504310156,1.2741629207907055,1.2720369535852878,0,25,100black,brown,NA,90,117,27,NA,-53.0352,-53.0352,NA,185.928,-53.0352,NA,NA,NA
78,NA,47,KahuluiBreakwaterConcreteInside,6/14/2023,refuge,north,bc,concrete,NA,boulder,NA,3.6576,2.9972,1.1176,2.9451660614978445,1.0971456312059842,0.3055555555555555,0.8194444444444444,0.30538636220546495,0.819775902150006,10.418056153323231,10.052873747318483,8.609973484824682,8.310254192128046,1.209998633757159,1.2096950965520583,0,0,100black,blackbrown,NA,357,134,137,NA,0,-36.2712,0,27.432000000000002,-36.2712,NA,NA,NA
79,NA,48,KahuluiBreakwaterConcreteInside,6/14/2023,refuge,north,bc,concrete,NA,boulder,NA,3.6576,2.921,1.1684,2.8702889582394246,1.1470158871698928,0.3194444444444445,0.798611111111111,0.3192675604875316,0.7989341419258532,10.355370586038612,9.992162596667386,8.391075853854561,8.098976543175636,1.234093311322138,1.233756208997418,0,0,100black,brown,NA,108,127,19,NA,0,-76.2,0,15.24,-76.2,NA,NA,NA
79,NA,49,KahuluiBreakwaterConcreteInside,6/14/2023,refuge,north,bc,concrete,NA,boulder,NA,3.683,2.9972,1.143,2.925311459670485,1.1141039094597232,0.3103448275862069,0.8137931034482758,0.31010663521013876,0.8142494483660808,10.556764639471043,10.047195330755414,8.669764967358185,8.254231277078924,1.2176529212980334,1.2172175692066385,0,0,100black,tanbrown,NA,43,140,97,NA,0,-62.1792,0,80.16239999999999,-62.1792,NA,NA,NA
80,NA,50,KahuluiBreakwaterConcreteInside,6/14/2023,exposed,north,bc,concrete,NA,boulder,NA,3.2766,2.7178,1.016,2.9737612086357914,1.117174819822859,0.31007751937984496,0.8294573643410852,0.3109614115659688,0.8277352538648634,8.48319229294509,10.190731571361095,6.994083333982762,8.390939945126565,1.21290981074347,1.2144922545036023,0,0,100black,brown,NA,30,140,110,NA,-43.5864,-43.5864,-45.72,39.9288,-43.5864,NA,NA,NA
362,NA,51,HanaPalemoHanaBay,6/23/2023,exposed,north,NA,basalt,NA,boulder,NA,3.3,2.71,1.32,2.944673374382005,1.44083853175,0.4,0.8212121212121213,0.40105198910825857,0.8196387645433544,9.404671695861929,11.143805973939529,7.02381577526338,8.3088639971155,1.3389690158138112,1.341194894730279,0,50,100black,tan,81.8,201,5,164,NA,-22.86,-22.86,-51.816,42.0624,-22.86,NA,NA,NA
363,NA,52,HanaPalemoHanaBay,6/23/2023,exposed,north,NA,basalt,NA,boulder,NA,4.17,3.48,1.78,3.0082824642637513,1.526503845787011,0.42685851318944845,0.8345323741007195,0.4248966072490566,0.8373441156012943,15.652206600965831,11.621510662562336,11.39738398795841,8.488347155215724,1.3733157203006179,1.3691134976049393,0,10,100black,tan,77.7,314,16,62,NA,-19.812,-48.768,-19.812,25.2984,-45.72,NA,NA,NA
364,NA,53,HanaPalemoHanaBay,6/23/2023,exposed,north,NA,basalt,NA,boulder,NA,4.15,3.36,1.55,2.918229732289914,1.3358635512037993,0.37349397590361444,0.8096385542168674,0.3718325978809011,0.8122782761703657,14.291847320476373,10.71755081209892,10.951591990414018,8.234249057596886,1.3050018054896582,1.301582055282983,0,0,100black,tan,61.7,37,0,37,NA,9.144,9.144,-24.384,381,9.144,NA,NA,NA
364,NA,54,HanaPalemoHanaBay,6/23/2023,refuge,north,NA,basalt,NA,boulder,NA,4.580869826862597,3.78,1.45,2.9808519758221497,1.1286841329039667,0.31653377083476175,0.8251707956933789,0.3141649855978499,0.829708942256538,16.622516304806666,10.244348696207659,13.599709510390932,8.410947671857556,1.222269953053493,1.2179779373119315,2.5,5,100black,tan,80.1,135,0,135,NA,-12.192,35.6616,-12.192,109.72800000000001,35.6616,NA,NA,NA
365,NA,55,HanaPalemoHanaBay,6/23/2023,exposed,north,NA,basalt,NA,boulder,NA,3.58,2.8,1.11,2.8096684524805924,1.1140429565566476,0.31005586592178774,0.7821229050279329,0.3100896691986935,0.7820606520242473,9.659367414320153,9.727478737035488,7.872831189896021,7.927926150229355,1.2269242387309116,1.226989070370449,0,10,100black,grey,82.6,290,290,0,NA,-51.816,-51.816,NA,107.5944,-51.816,NA,NA,NA
366,NA,56,HanaPalemoHanaBay,6/23/2023,exposed,north,NA,basalt,NA,boulder,NA,3.14,2.57,1.04,2.9315552875775763,1.1948853401158765,0.33121019108280253,0.8184713375796178,0.33259184277070564,0.8159873943930706,7.880487646800789,10.306697492954825,6.338006098984727,8.271849230008018,1.2433701583315215,1.245996778515369,0,10,100black,grey,29.2,239,350,111,NA,-73.152,-73.152,-82.296,347.47200000000004,-73.152,NA,NA,NA
366,NA,57,HanaPalemoHanaBay,6/23/2023,refuge,north,NA,basalt,NA,boulder,NA,3.68,2.99,1.29,2.920609472328178,1.2584443583284879,0.35054347826086957,0.8125,0.3502832565677644,0.8129406678644213,10.988468907924867,10.474428752785787,8.641893071494803,8.240963872387026,1.2715349307167687,1.2710198606600407,0,10,100black,grey,147.2,83,350,93,NA,0,-109.72800000000001,0,106.68,-109.72800000000001,NA,NA,NA
367,NA,58,HanaPalemoHanaBay,6/23/2023,exposed,north,NA,basalt,NA,boulder,NA,4.33,3.55,1.78,2.9579099366366157,1.4683871974344247,0.4110854503464203,0.8198614318706697,0.4087200566443188,0.8233231118898398,16.371622098673743,11.275906171898129,12.072747868663875,8.346213061537965,1.356080842305012,1.351020647179633,2.5,50,100black,tan,64.5,35,16,19,NA,-57.912,-57.912,-82.296,274.32,-57.912,NA,NA,NA
367,NA,59,HanaPalemoHanaBay,6/23/2023,refuge,north,NA,basalt,NA,boulder,NA,3.56,2.89,1.34,2.915902518385184,1.3526704286176825,0.3764044943820225,0.8117977528089888,0.37651072903092647,0.8116305049281304,10.572066579327661,10.76645221819174,8.080490464298308,8.22768245364182,1.3083446637351754,1.3085643835739167,2.5,5,100black,greywhite,104.7,108,16,92,NA,-3.048,-3.048,-50.291999999999994,225.55200000000002,-3.048,NA,NA,NA
368,NA,60,HanaPalemoHanaBay,6/23/2023,refuge,north,NA,basalt,NA,boulder,NA,3.34,2.79,1.23,2.9961090389203537,1.3260265456999736,0.36826347305389223,0.8353293413173654,0.36909450437684516,0.8339556884176454,9.426535442305685,10.902545981332489,7.318811325435461,8.45399790057944,1.2879872185726575,1.289631971707164,0,50,100black,grey,19,153,129,24,NA,-18.288,-45.72,-18.288,188.976,-45.72,NA,NA,NA
368,NA,61,HanaPalemoHanaBay,6/23/2023,exposed,north,NA,basalt,NA,boulder,NA,3.34,2.28,1.24,2.448433193096203,1.3368072493235506,0.37125748502994016,0.6826347305389221,0.37209527270511217,0.6815121754810866,8.158067713231395,9.437987408025199,5.980964093904247,6.908643445634812,1.3640054655312235,1.3661129688185802,0,75,100black,grey,58.6,169,129,40,NA,-51.816,-86.86800000000001,-51.816,152.4,-86.86800000000001,NA,NA,NA
368,NA,62,HanaPalemoHanaBay,6/23/2023,refuge,north,NA,basalt,NA,boulder,NA,3.01,2.56,1.34,3.0433620531101906,1.6081571671429258,0.4451827242524918,0.850498338870432,0.44762450230840906,0.8471083872902787,8.435642613595281,12.014869851212021,6.051964087875378,8.587329791230818,1.3938685840015823,1.3991392136215994,0,25,100black,grey,82.2,318,105,147,NA,-27.432000000000002,-83.82000000000001,-27.432000000000002,152.4,-83.82000000000001,NA,NA,NA
368,NA,63,HanaPalemoHanaBay,6/23/2023,exposed,north,NA,basalt,NA,boulder,NA,3.45,2.78,1.24,2.892299104137729,1.292888722568721,0.35942028985507246,0.8057971014492753,0.3598707158754612,0.8050605832990977,9.690070732379814,10.505815219172414,7.5327537851449256,8.161081668455978,1.2863915387078304,1.287306713248471,0,75,100black,tan,52.7,169,105,64,NA,-42.672,-57.912,-42.672,182.88,-57.912,NA,NA,NA
369,NA,64,HanaPalemoHanaBay,6/23/2023,exposed,north,NA,basalt,NA,boulder,NA,3.79,3.01,1.23,2.8567097122687413,1.164025829696172,0.32453825857519786,0.7941952506596306,0.3240022140482577,0.7951544098551692,11.130972310337254,10.00564549612108,8.95974370822175,8.060660542176896,1.2423315524218752,1.241293494964485,0,10,100black,tan,31,313,79,126,NA,-43.5864,-43.5864,-49.3776,393.192,-43.5864,NA,NA,NA
369,NA,65,HanaPalemoHanaBay,6/23/2023,refuge,north,NA,basalt,NA,boulder,NA,2.79,2.23,0.9,2.855202015049278,1.1680123433399456,0.3225806451612903,0.7992831541218638,0.32511184513544183,0.794734748001662,6.049716426298184,10.01350437343311,4.886511753209904,8.05640633481579,1.2380439732543735,1.2429244451288055,2.5,95,100black,tan,54,123,79,44,NA,-91.44,-91.44,-121.92,505.9680000000001,-91.44,NA,NA,NA
369,NA,66,HanaPalemoHanaBay,6/23/2023,refuge,north,NA,basalt,NA,boulder,NA,3.56,2.8589030694215913,1.12,2.884526871953478,1.130590208993884,0.31460674157303375,0.8030626599498852,0.3146955347124162,0.8028972116869302,9.802823782339262,9.98274477631126,7.993542903395961,8.139151079910993,1.2263427995331895,1.2265093347327847,0,0,100black,tan,70.7,138,130,8,NA,-30.48,-30.48,-42.672,228.6,-30.48,NA,NA,NA
369,NA,67,HanaPalemoHanaBay,6/23/2023,exposed,north,NA,basalt,NA,boulder,NA,3.57,2.89,1.12,2.907918821419315,1.1273255345417552,0.3137254901960785,0.8095238095238096,0.31378682485078657,0.809408272888909,9.91219410045409,10.037857525034728,8.103188471220493,8.205155183602061,1.2232461500381624,1.22335986345454,0,50,100black,tan,83.5,18,130,112,NA,-51.816,-106.68,-51.816,295.656,-106.68,NA,NA,NA
648,NA,68,EastMaui1-RA,6/14/2024,NA,south,sbb,basalt,NA,boulder,NA,3,2.44,1.11,2.9101548837615705,1.336708124020311,0.37000000000000005,0.8133333333333334,0.37206768154957376,0.8100306724363743,7.465541304306147,10.697862352987624,5.749114556069322,8.211464588934588,1.29855497424813,1.3027958943406512,2.5,25,100black,green,76.7,71,213,142,NA,-6.096,-335.28000000000003,-6.096,310.89599999999996,-182.88,NA,NA,NA
648,NA,69,EastMaui1-RA,6/14/2024,NA,south,sbb,basalt,NA,boulder,NA,3.22,2.55,1.22,2.838085867693511,1.365805151844063,0.37888198757763975,0.7919254658385092,0.3801667298667234,0.7899705327258787,8.513543060078035,10.593955472381948,6.448904319656448,8.008110404349987,1.3201534149186411,1.3229032739892468,0,25,100black,tan,69.5,190,207,17,NA,-6.096,-411.48,-6.096,371.856,-231.648,NA,NA,NA
648,NA,70,EastMaui1-RA,6/14/2024,NA,south,sbb,basalt,NA,boulder,NA,3.02,2.43,1.22,2.879466256240096,1.459145325240105,0.40397350993377484,0.804635761589404,0.40614761625981965,0.801488608326289,7.7935074437672505,11.024687539296648,5.763722961908514,8.124871748264242,1.3521655178906489,1.3569060387509388,0,5,100black,tan,27.7,68,26,42,NA,-27.432000000000002,-344.42400000000004,-27.432000000000002,368.808,-146.304,NA,NA,NA
649,NA,71,EastMaui1-RA,6/14/2024,NA,south,sbb,basalt,NA,boulder,NA,3.78,3.11,1.78,2.959249053975213,1.6891195457642296,0.47089947089947093,0.8227513227513228,0.4701600760548806,0.8236958501672105,13.367055960553758,12.074575916954359,9.232983729267723,8.349991593968552,1.4477504079403283,1.4460584518044528,80,5,100black,tan,43,170,205,35,NA,0,-289.56,-33.528000000000006,381,0,NA,NA,NA
649,NA,72,EastMaui1-RA,6/14/2024,NA,south,sbb,basalt,NA,boulder,NA,3.11,2.55,1.11,2.936163961026479,1.2879945119739145,0.3569131832797428,0.819935691318328,0.35850843075404804,0.8172702013232738,7.958373276918941,10.611946029544551,6.228600134823463,8.284853334716944,1.2777145915058015,1.2808852010784708,0,50,100black,tan,75.4,302,206,96,NA,-15.24,-441.96,-15.24,371.856,-219.45600000000002,NA,NA,NA
650,NA,73,EastMaui1-RA,6/14/2024,NA,south,sbb,basalt,NA,boulder,NA,3.44,2.67,1.33,2.785748258335343,1.3908834040271156,0.3866279069767442,0.7761627906976745,0.38714716709111935,0.7754025559014595,9.658062122886736,10.532930007692938,7.213725051172883,7.860431520208058,1.3388453336347257,1.3399938642826752,10,10,100black,tan,22,64,188,124,NA,-45.72,-298.704,-45.72,557.784,76.2,NA,NA,NA
651,NA,74,EastMaui1-RA,6/14/2024,NA,south,sbb,basalt,NA,boulder,NA,3,2.33,0.78,2.7789593767067458,0.939308411473732,0.26,0.7766666666666667,0.261452965413214,0.7735128962199804,6.399024886540776,9.1593385792002,5.489933162148164,7.841275611564586,1.1655924940326399,1.168092926830896,40,75,100black,brown,25.1,266,202,64,NA,18.288,-310.89599999999996,18.288,466.34400000000005,-30.48,NA,NA,NA
537,NA,75,EastMaui2-RAB,6/14/2024,NA,south,ba3,basalt,NA,slope,NA,3.54,2.77,1.33,2.8102595969826973,1.350396203938557,0.37570621468926557,0.7824858757062146,0.3758777071404482,0.7822251948742581,10.162105330782879,10.466063944714783,7.701457310642699,7.929594158407568,1.3195042082152157,1.3198738467110394,0,10,100black,tan,28.8,35,60,25,NA,-30.48,-481.584,-60.96,228.6,-30.48,NA,NA,NA
537,NA,76,EastMaui2-RAB,6/14/2024,NA,south,ba3,basalt,NA,slope,NA,4.11,3.44,1.66,3.0161294760989454,1.4450231023864786,0.4038929440389294,0.8369829683698297,0.40221674861485324,0.8395283018482004,14.85909986237405,11.358675306913288,11.104273393378483,8.510488746432463,1.338142473260302,1.3346678017375635,15,50,100black,grey,41.3,153,4,149,NA,-45.72,-441.96,-91.44,256.03200000000004,-45.72,NA,NA,NA
537,NA,77,EastMaui2-RAB,6/14/2024,NA,south,ba3,basalt,NA,slope,NA,3.88,3.33,2.11,3.088740211095037,1.9490921489636899,0.5438144329896907,0.8582474226804124,0.5425224729017787,0.8597392269859575,15.694829883036695,13.453319431133115,10.14765843036039,8.715371477081575,1.5466454641476632,1.5436312114188948,2.5,20,100black,lightgrey,56.6,41,31,10,NA,-42.672,-396.24,-42.672,252.98400000000004,-97.536,NA,NA,NA
537,NA,78,EastMaui2-RAB,6/14/2024,NA,south,ba3,basalt,NA,slope,NA,3.99,3.22,1.88,2.906202555674476,1.6872960321285624,0.47117794486215536,0.8070175438596491,0.4696525078890972,0.8089305567703862,14.700674991095026,11.917532063713306,10.090638523697738,8.200312466993545,1.456862710577797,1.4533021896033427,2.5,20,100black,tan,113.3,30,20,10,NA,-3.048,-457.2,-3.048,231.648,-143.256,NA,NA,NA
537,NA,79,EastMaui2-RAB,6/14/2024,NA,south,ba3,basalt,NA,slope,NA,3.44,2.88,1.44,3.004852053934752,1.5059188735331175,0.41860465116279066,0.8372093023255813,0.4191668576024149,0.8363892737813495,10.580423598500051,11.539062256685828,7.7810966844111995,8.478667707190715,1.3597599448541846,1.3609522928820064,5,25,100black,tan,80.1,3,36,33,NA,-36.576,-390.144,-36.576,259.08,-70.104,NA,NA,NA
538,NA,80,EastMaui2-RAB,6/14/2024,NA,south,ba3,basalt,NA,slope,NA,4,3.55,2.11,3.1962136519909223,1.8888400862060126,0.5275,0.8875,0.5257515377245434,0.8896540552597771,16.772829393519572,13.528304798576338,11.152653920243765,9.018624874037137,1.5039316662623534,1.5000407476223665,5,35,100black,lightgrey,85.5,61,35,26,NA,-30.48,-420.624,-30.48,298.704,-426.72,NA,NA,NA
538,NA,81,EastMaui2-RAB,6/14/2024,NA,south,ba3,basalt,NA,slope,NA,4,3.22,1.99,2.899100833636837,1.7814179012085145,0.4975,0.805,0.4958509763373657,0.8069538191370375,15.190336744549525,12.251358659328218,10.115928344559135,8.180273829408335,1.5016255777177057,1.4976709722459667,2.5,60,100black,tan,25.4,28,26,2,NA,-21.336,-313.944,-21.336,286.512,-106.68,NA,NA,NA
538,NA,82,EastMaui2-RAB,6/14/2024,NA,south,ba3,basalt,NA,slope,NA,3.87,3.22,1.55,2.994252941462392,1.4356118047702053,0.4005167958656331,0.8320413436692506,0.3995971493010343,0.833439050667411,13.068070751260999,11.264845935051168,9.787160673360964,8.448760626565363,1.3352259339963766,1.3333134210988549,0,20,100black,tan,1.6,157,49,108,NA,-67.05600000000001,-323.08799999999997,-67.05600000000001,310.89599999999996,-128.01600000000002,NA,NA,NA
695,NA,83,Honomanu,6/15/2024,NA,north,sbb,basalt,NA,boulder,NA,4.25,3.52,1.3,2.986863850488077,1.093234334469661,0.3058823529411765,0.8282352941176471,0.3042976674617244,0.8313823249707768,14.193596141646537,10.157425160672151,11.749556524425826,8.42791113184652,1.2080112225631552,1.205212656110044,0,0,50black,brown,84.8,346,48,62,NA,-18.288,-304.8,-18.288,268.22400000000005,-152.4,274.32,24.384,112.88661885255345
695,NA,84,Honomanu,6/15/2024,NA,north,sbb,basalt,NA,boulder,NA,3.3,2.51,1.02,2.7273543061619305,1.1133752290795456,0.30909090909090914,0.7606060606060606,0.30990380976547255,0.7591488188205976,8.019827721473783,9.499515658156247,6.505452987421063,7.695663702125424,1.2327854396889677,1.234398490611359,0,2.5,100black,tanred,97.9,329,29,60,NA,-6.096,-201.16799999999998,-6.096,371.856,-140.208,195.072,48.768,83.05761796418186
696,NA,85,Honomanu,6/15/2024,NA,north,sbb,basalt,NA,boulder,NA,3.86,3.11,1.47,2.8992876203718354,1.3651521348586462,0.38082901554404147,0.805699481865285,0.37998496504356527,0.8070058105225809,12.419454179788048,10.761602858446638,9.428390792321007,8.180800877871865,1.3172400734495566,1.315470577893608,0,0,100black,tan,84.5,317,28,71,NA,-9.144,-115.824,-9.144,341.376,-82.296,115.824,33.528000000000006,58.261782298500336
696,NA,86,Honomanu,6/15/2024,NA,north,sbb,basalt,NA,boulder,NA,3.56,2.9,1.13,2.9259921464764824,1.1406847644313292,0.3174157303370786,0.8146067415730337,0.3175053162723484,0.8144389149797848,9.945008275866908,10.127535421150025,8.108450638915256,8.256151943100788,1.2264992066594544,1.2266653388826074,2.5,0,100black,brown,107.9,350,27,37,NA,-18.288,-91.44,-18.288,237.744,-121.92,204.216,30.48,93.98015924941903
697,NA,87,Honomanu,6/15/2024,NA,north,sbb,basalt,NA,boulder,NA,3.4,2.57,1.2,2.712243072379994,1.2701554478540016,0.35294117647058826,0.7558823529411764,0.35354299431445524,0.7549426637014915,8.902037316418088,9.937041536469588,6.862809151766902,7.653024953999725,1.297141902033829,1.2984462478821737,2.5,10,100black,brown,89.5,43,55,12,NA,-3.048,-39.624,-3.048,374.90400000000005,-27.432000000000002,140.208,30.48,64.74084956445763
697,NA,88,Honomanu,6/15/2024,NA,north,sbb,basalt,NA,boulder,NA,3.41,2.65,1.17,2.7886543337552494,1.234657792132504,0.34310850439882695,0.7771260997067448,0.3436623552823385,0.7762114510704667,9.042997005129228,10.034843646397682,7.097250503541041,7.868631473941274,1.274154970381473,1.2752971948972704,90,2.5,100black,red,54.4,18,66,48,NA,-9.144,-79.248,-9.144,252.98400000000004,-15.24,140.208,30.48,56.804091599230965
697,NA,89,Honomanu,6/15/2024,NA,north,sbb,basalt,NA,boulder,NA,4.11,3.49,1.6,3.059968567321314,1.3927933516978108,0.389294403892944,0.8491484184914841,0.3876787938456417,0.851730748095994,14.785352758262508,11.303855102618527,11.26567271595666,8.634187710770146,1.3124251991912197,1.3091972842469342,0,2.5,100black,brownred,25.4,312,61,109,NA,-15.24,-91.44,-15.24,225.55200000000002,-82.296,146.304,12.192,55.515953963731555
697,NA,90,Honomanu,6/15/2024,NA,north,sbb,basalt,NA,boulder,NA,3.4,2.8,1.03,2.9549729971455188,1.090216759408018,0.30294117647058827,0.8235294117647058,0.3034577367865741,0.8225056258226366,9.01444782739176,10.060062876916152,7.476990515543707,8.337926019921879,1.2056251520784833,1.2065425925919175,25,10,100black,tan,78.5,88,55,33,NA,-42.672,-42.672,-73.152,417.57599999999996,-42.672,42.672,0,41.81534699558004
697,NA,91,Honomanu,6/15/2024,NA,north,sbb,basalt,NA,boulder,NA,3.83,3.09,1.45,2.9026952484045254,1.357453613250926,0.3785900783289817,0.8067885117493472,0.37784211049329236,0.807954310975988,12.209155728590252,10.7455376158606,9.29495164435978,8.19041604202647,1.3135254701404309,1.311964808713422,0,0.5,100black,brown,92.3,302,56,114,NA,-9.144,-60.96,-9.144,210.312,-42.672,57.912,0,57.912
698,NA,92,Honomanu,6/15/2024,NA,north,sbb,basalt,NA,boulder,NA,3.26,2.71,1.06,2.979983978554592,1.1716753945330298,0.32515337423312884,0.8312883435582823,0.3261314416653927,0.8294673384799706,8.545285547875919,10.370588137313733,6.938678614351096,8.408498479594419,1.231543644376599,1.2333460203960167,100,0,100black,brown,78.7,334,51,77,NA,0,-12.192,-12.192,399.288,0,12.192,0,12.192
698,NA,93,Honomanu,6/15/2024,NA,north,sbb,basalt,NA,boulder,NA,3.28,2.64,0.94,2.8857072715284957,1.0325021008004032,0.2865853658536585,0.8048780487804879,0.2873930785162439,0.8032257714714387,8.096000381310075,9.704604315880767,6.800919776491185,8.142481764942616,1.1904272726897338,1.191848455548756,95,0.5,100black,brown,79.3,303,49,106,NA,0,-67.05600000000001,-6.096,265.176,0,73.152,0,38.22181500610108
698,NA,94,Honomanu,6/15/2024,NA,north,sbb,basalt,NA,boulder,NA,3.2,2.34,1.01,2.6202699035165655,1.1379936226482879,0.315625,0.73125,0.31675624707321326,0.7293422778813906,7.36763633965643,9.28005366696789,5.881061447520093,7.393508038433377,1.2527732290168796,1.2551624504535273,50,5,100black,brown,79.6,71,41,30,NA,-12.192,-27.432000000000002,-12.192,326.13599999999997,-24.384,27.432000000000002,NA,27.432000000000002
698,NA,95,Honomanu,6/15/2024,NA,north,sbb,basalt,NA,boulder,NA,3.63,3.01,1.11,2.979723016465863,1.0982270485510772,0.3057851239669422,0.8292011019283746,0.3056873706583545,0.829394700663546,10.363284593183788,10.15202355108531,8.581495952729538,8.407762133579775,1.2076314724459565,1.207458463951915,10,0,75black,tan,81.1,302,57,115,NA,0,-39.624,-18.288,259.08,0,39.624,0,39.624
698,NA,96,Honomanu,6/15/2024,NA,north,sbb,basalt,NA,boulder,NA,3.17,2.48,1.04,2.8027233986693165,1.1832294298074073,0.3280757097791798,0.7823343848580442,0.3293474639516568,0.7801275224027809,7.72550566591321,9.914938186604175,6.174486201365379,7.908329576948066,1.251198142479426,1.2537335590445242,95,0,100black,brown,124.8,257,63,166,NA,0,-67.05600000000001,0,338.328,0,39.624,0,39.624
698,NA,97,Honomanu,6/15/2024,NA,north,sbb,basalt,NA,boulder,NA,3.34,2.66,1.07,2.8565053919455705,1.1535352877227414,0.3203592814371258,0.7964071856287426,0.32108221112457264,0.7950975380612677,8.624653491363262,9.973569346058234,6.9777914428882895,8.060084019907281,1.2360147995184696,1.2374026525560915,5,0,100black,tan,130.6,293,60,127,NA,0,-112.77600000000001,0,252.98400000000004,-6.096,149.352,21.336,76.69841307739182
771,NA,98,MaaleaLighthouse,6/16/2024,NA,south,ba4,basalt,NA,cliff,NA,3.08,2.64,1.04,3.0687302119562303,1.2188890512662454,0.33766233766233766,0.8571428571428572,0.3392731855379227,0.8541695189445394,7.919586232624713,10.763390188659505,6.386229546217333,8.658910083816988,1.2401035971711372,1.2430421478536509,0,20,100black,tan,26.4,8,190,178,NA,-30.48,-252.98400000000004,-30.48,134.11200000000002,-131.064,204.216,0,204.216
771,NA,99,MaaleaLighthouse,6/16/2024,NA,south,ba4,basalt,NA,cliff,NA,3.11,2.54,1.1,2.9246495925518654,1.2763909578119874,0.3536977491961415,0.8167202572347267,0.35527862507157915,0.8140652201416139,7.906620195393013,10.542745243743768,6.204174251941803,8.252363713796484,1.274403308855868,1.2775424847208532,10,10,100black,tan,29.7,58,192,134,NA,-30.48,-249.93599999999998,-30.48,173.73600000000002,-100.58399999999999,204.216,0,204.216
772,NA,100,MaaleaLighthouse,6/16/2024,NA,south,ba4,basalt,NA,cliff,NA,3.09,2.44,1.02,2.827278686381438,1.1914607180693175,0.3300970873786408,0.7896440129449839,0.33163861209741957,0.7869623944325502,7.410385136560461,10.007690782079505,5.921587992751401,7.977616224419749,1.2514185629988936,1.2544713233316025,15,20,100black,tan,76.4,190,192,2,NA,-134.11200000000002,-268.22400000000005,-134.11200000000002,115.824,-149.352,210.312,0,210.312
772,NA,101,MaaleaLighthouse,6/16/2024,NA,south,ba4,basalt,NA,cliff,NA,3.06,2.49,1.14,2.9128596613300344,1.3450933876433113,0.3725490196078431,0.8137254901960785,0.3744016881582927,0.8107835371051241,7.791787520395813,10.732970454663663,5.984262766190518,8.219096548782606,1.3020463547184669,1.305857692626011,50,25,100black,tan,71.2,191,192,1,NA,-36.576,-173.73600000000002,-36.576,219.45600000000002,-60.96,146.304,0,146.304
772,NA,102,MaaleaLighthouse,6/16/2024,NA,south,ba4,basalt,NA,cliff,NA,3,2.48,0.96,2.957862340872416,1.156071891044593,0.32,0.8266666666666667,0.32178826512395564,0.8233098637877904,7.165542401298038,10.262001860578032,5.843362335677016,8.346078762523678,1.226270422689411,1.2295596713821353,0,95,100black,tan,89.7,175,170,5,NA,-60.96,-222.504,-60.96,188.976,-121.92,170.688,0,170.688
773,NA,103,MaaleaLighthouse,6/16/2024,NA,south,ba4,basalt,NA,cliff,NA,3.29,2.66,1.1,2.898930266273021,1.2044613088637042,0.33434650455927056,0.8085106382978724,0.33525727767498337,0.8069063423524928,8.597092894854717,10.245637931054736,6.8733334871564296,8.17979254647875,1.2507894329468108,1.2525547405802235,5,85,100black,grey,52.6,306,231,75,NA,-109.72800000000001,-289.56,-109.72800000000001,164.592,-170.688,219.45600000000002,0,219.45600000000002
773,NA,104,MaaleaLighthouse,6/16/2024,NA,south,ba4,basalt,NA,cliff,NA,3.71,3.13,1.23,3.0331936123455625,1.1899105879952134,0.33153638814016173,0.84366576819407,0.331207139218331,0.8442780400272648,11.273923420253626,10.57450484079304,9.120279092820189,8.558637919286362,1.236137984979962,1.235535950990992,20,5,100black,tan,5.2,262,201,61,NA,-24.384,-158.496,64.00800000000001,185.928,-24.384,109.72800000000001,0,109.72800000000001
774,NA,105,MaaleaLighthouse,6/16/2024,NA,south,ba4,basalt,NA,cliff,NA,3.18,2.48,0.98,2.794108422792279,1.111351802360296,0.3081761006289308,0.7798742138364779,0.3093405965443601,0.7777295762516538,7.588560137471437,9.676790132587042,6.193964075817637,7.8840210531153465,1.2251540442571434,1.2273927311195203,0,5,100black,tan,79.8,215,199,16,NA,24.384,-170.688,24.384,188.976,-60.96,128.01600000000002,0,128.01600000000002
774,NA,106,MaaleaLighthouse,6/16/2024,NA,south,ba4,basalt,NA,cliff,NA,3,2.42,1.0003895652522918,2.886301155206148,1.2047106838359327,0.3334631884174306,0.8066666666666666,0.3353266902610867,0.8033910767606663,7.128692584343526,10.211426570438768,5.701990666265474,8.144157502140041,1.2502111984361546,1.2538346130653182,95,5,100black,tan,70.3,320,196,124,NA,-24.384,-152.4,115.824,246.888,-24.384,115.824,0,115.824
774,NA,107,MaaleaLighthouse,6/16/2024,NA,south,ba4,basalt,NA,cliff,NA,3.51,2.99,1.28,3.0587964761271293,1.3110822532378976,0.3646723646723647,0.851851851851852,0.3649348167465791,0.8514045009180586,10.529111350757809,11.029354657517281,8.242675185039879,8.630880469155702,1.277390060191589,1.2778944971991026,2.5,5,100black,tan,62.6,206,208,2,NA,-24.384,-167.64000000000001,-27.432000000000002,213.36,-24.384,106.68,0,106.68
774,NA,108,MaaleaLighthouse,6/16/2024,NA,south,ba4,basalt,NA,cliff,NA,3.68,3.010020741009353,1.45,2.940165581303076,1.4145304802917111,0.39402173913043476,0.8179404187525415,0.3937292418784948,0.8183840372849175,11.583943622704654,11.041418976567368,8.699758323339259,8.29614454240592,1.3315247610531724,1.3309096677533665,5,25,100black,tan,29.3,212,215,3,NA,6.096,-182.88,6.096,210.312,-21.336,115.824,0,115.824
793,NA,109,LaPerouseBayBench,6/18/2024,NA,south,NA,basalt,papa,bench,NA,3.38,2.7,1.25,2.8659171814467723,1.3311502034854505,0.3698224852071006,0.7988165680473374,0.37052065526127476,0.7977172742894075,9.346533237649858,10.556831343694249,7.167543639165113,8.086640880038289,1.3040078593422497,1.3054655821001742,5,10,95black,tan,59.3,194,206,12,NA,-36.576,-51.816,-39.624,323.08799999999997,-36.576,36.576,0,36.576
793,NA,110,LaPerouseBayBench,6/18/2024,NA,south,NA,basalt,papa,bench,NA,3.28,2.72,1.12,2.9731529464232986,1.2302152690387784,0.34146341463414637,0.8292682926829269,0.342425795678929,0.8275659463645126,8.78367643168529,10.53175349337053,7.007008254566675,8.389223636607545,1.2535558847045325,1.2553907190426725,0,0,100black,tan,59.6,124,209,85,NA,-12.192,-30.48,-12.192,335.28000000000003,-18.288,30.48,0,30.48
793,NA,111,LaPerouseBayBench,6/18/2024,NA,south,NA,basalt,papa,bench,NA,3.17,2.82,1.56,3.186967735583658,1.774844144711111,0.49211356466876977,0.889589905362776,0.4940211959274852,0.8870804891838073,10.163278335697528,13.054262823497247,7.020988341875149,8.992536051207074,1.4475566459896934,1.4516775633882464,0,10,87.5black,tan,99,43,210,167,NA,-12.192,-67.05600000000001,-12.192,304.8,-45.72,33.528000000000006,0,33.528000000000006
793,NA,112,LaPerouseBayBench,6/18/2024,NA,south,NA,basalt,papa,bench,NA,3.47,2.8,1.05,2.896694660966321,1.0882803308937108,0.3025936599423631,0.8069164265129682,0.30291873918877554,0.8062840700191565,9.231699221836243,9.892900112053372,7.630928555569608,8.173484430744692,1.2097740339998695,1.2103650769604541,0,5,100black,tan,62.7,132,204,72,NA,-12.192,-21.336,-15.24,295.656,-12.192,21.336,0,21.336
794,NA,113,LaPerouseBayBench,6/18/2024,NA,south,NA,basalt,papa,bench,NA,3,2.48,0.95,2.957862340872416,1.1440294755128786,0.31666666666666665,0.8266666666666667,0.3184363040289145,0.8233098637877904,7.140649573298853,10.225974934556382,5.843362335677016,8.346078762523678,1.222010404814565,1.2252430423343217,0,5,100black,tan,60.2,113,213,100,NA,-3.048,-15.24,-3.048,399.288,-3.048,15.24,0,15.24
794,NA,114,LaPerouseBayBench,6/18/2024,NA,south,NA,basalt,papa,bench,NA,3.48,2.85,1.05,2.9401398339405,1.085056561813954,0.3017241379310345,0.8189655172413793,0.30202141518377973,0.8183768706033305,9.389126022521141,10.00401963483308,7.7895789845758925,8.296071892129731,1.2053444789651024,1.2058742697641802,0,10,100black,tan,48.7,139,211,72,NA,-12.192,-18.288,-12.192,405.384,-12.192,18.288,0,18.288
794,NA,115,LaPerouseBayBench,6/18/2024,NA,south,NA,basalt,papa,bench,NA,3.51,2.94,1.54,3.007646033382528,1.5773958359268454,0.43874643874643876,0.8376068376068376,0.439062201398228,0.8371669674578903,11.265473112651218,11.801862064292221,8.104837807363626,8.486551364320322,1.38996897660506,1.3906546437591047,0,5,100black,tan,19,319,210,109,NA,-15.24,-21.336,-21.336,423.672,-15.24,21.336,0,21.336
794,NA,116,LaPerouseBayBench,6/18/2024,NA,south,NA,basalt,papa,bench,NA,3.04,2.55,1.31,3.002230002448867,1.5561618283397132,0.430921052631579,0.8388157894736842,0.43315179520634467,0.835659435606713,8.38698862883046,11.710174777271739,6.088406562657019,8.471269172134436,1.3775342599936897,1.382340064909214,0,5,87.5black,tan,49.1,270,212,58,NA,-12.192,-36.576,-12.192,390.144,-12.192,30.48,0,30.48
794,NA,117,LaPerouseBayBench,6/18/2024,NA,south,NA,basalt,papa,bench,NA,3.89,3.2,1.7,2.960700533450448,1.5661970673623185,0.4370179948586118,0.8226221079691517,0.4359450662651804,0.8240998640229378,13.632292210290268,11.62895792828987,9.776636337971436,8.35408717402821,1.3943744800390976,1.3920082093999226,0,5,100black,tan,15.4,337,144,167,NA,0,-39.624,0,481.584,-9.144,30.48,0,30.48
794,NA,118,LaPerouseBayCliff,6/18/2024,NA,south,NA,basalt,cliff,cliff,NA,3.2,2.72,1.27,3.0457838194722475,1.4309424760032927,0.396875,0.85,0.3982974591910702,0.8477824768535823,9.043283197252793,11.393765123282602,6.836105614211391,8.594163189973843,1.3228706090281814,1.3257561988786577,0,5,100black,tan,67.2,124,212,88,NA,-6.096,-42.672,-27.432000000000002,573.024,-6.096,33.528000000000006,0,33.528000000000006
795,NA,119,LaPerouseBayCliff,6/18/2024,NA,south,NA,basalt,cliff,cliff,NA,4.85,3.2,1.22,2.3865162992243873,0.895373071530653,0.2515463917525773,0.6597938144329898,0.24922372869581572,0.6642778408214377,14.499066801804524,7.9777643922252715,12.189379495928396,6.73393508756005,1.1894835833643238,1.184710616970902,0,10,100black,tan,104.5,296,254,42,NA,-15.24,-27.432000000000002,-15.24,51.816,-15.24,27.432000000000002,0,27.432000000000002
795,NA,120,LaPerouseBayCliff,6/18/2024,NA,south,NA,basalt,cliff,cliff,NA,3.72,3.03,1.37,2.928571143827785,1.321674822986908,0.3682795698924731,0.814516129032258,0.36788321871806784,0.8151567691979037,11.470028941288119,10.699888845534318,8.852693938550678,8.263428994072662,1.2956540710551143,1.2948485251351858,0,25,100black,tan,95.6,233,254,21,NA,-36.576,-76.2,-67.05600000000001,9.144,-36.576,60.96,0,60.96
795,NA,121,LaPerouseBayCliff,6/18/2024,NA,south,NA,basalt,cliff,cliff,NA,4.2,3.51,1.6,3.0130304171715574,1.3620354481420023,0.38095238095238093,0.8357142857142856,0.3791174470118125,0.8386656904453229,15.117065207966904,11.068837434962575,11.578339724805183,8.501744259057148,1.3056332399351207,1.3019489998385485,0,20,100black,tan,114.1,314,260,54,NA,0,-33.528000000000006,-30.48,42.672,0,33.528000000000006,0,33.528000000000006
795,NA,122,LaPerouseBayCliff,6/18/2024,NA,south,NA,basalt,cliff,cliff,NA,3.84,2.98,1.3,2.792237375432547,1.2137601954207775,0.3385416666666667,0.7760416666666667,0.3378455877930344,0.7772087772524593,11.396916096479492,9.979744461700053,8.98746826338968,7.87874159557706,1.2680897180916524,1.2666673149050156,0,50,100black,tan,61.6,310,244,66,NA,-6.096,-45.72,-39.624,24.384,-6.096,39.624,0,39.624
796,NA,123,LaPerouseBayCliff,6/18/2024,NA,south,NA,basalt,cliff,cliff,NA,4.3,3.57,1.3,2.9948570695416343,1.080131714228255,0.3023255813953489,0.8302325581395349,0.300650602371118,0.833607207447312,14.505199286045945,10.141928406748013,12.056647206314226,8.450465269970277,1.2030873125697317,1.2001621310472157,0,15,100black,tan,93.9,213,240,27,NA,-15.24,-51.816,-45.72,60.96,-15.24,21.336,0,21.336
608,NA,124,KahuluiBreakwaterBasaltOutside,6/13/2024,NA,north,NA,basalt,NA,boulder,NA,3,2.33,0.78,2.7789593767067458,0.939308411473732,0.26,0.7766666666666667,0.261452965413214,0.7735128962199804,6.399024886540776,9.1593385792002,5.489933162148164,7.841275611564586,1.1655924940326399,1.168092926830896,0,15,100black,lightgrey,62,281,333,52,NA,-36.576,-73.152,-51.816,146.304,-36.576,NA,NA,NA
608,NA,125,KahuluiBreakwaterBasaltOutside,6/13/2024,NA,north,NA,basalt,NA,boulder,NA,3,2.34,0.99,2.790886240984457,1.1921991376397367,0.33,0.7799999999999999,0.33184414840907933,0.7768326940578344,6.917682562541485,9.909731466783,5.513495107050087,7.874929154961858,1.2546819083408396,1.258389919678077,50,0,100black,tan,58.5,270,337,67,NA,-18.288,-85.344,-57.912,112.77600000000001,-18.288,NA,NA,NA
613,NA,126,KahuluiBreakwaterBasaltOutside,6/13/2024,NA,north,NA,basalt,NA,boulder,NA,3.34,2.67,1,2.8672441340205537,1.0780703623577021,0.29940119760479045,0.7994011976047904,0.3000768328267034,0.7980866265502198,8.459954407405696,9.782128143198666,7.0040237415457645,8.090385087651292,1.2078706068946896,1.2091053809205639,95,5,100black,tan,82.2,186,330,144,NA,-21.336,-85.344,-21.336,405.384,-21.336,NA,NA,NA
613,NA,127,KahuluiBreakwaterBasaltOutside,6/13/2024,NA,north,NA,basalt,NA,boulder,NA,3,2.23,0.99,2.659690733929632,1.1921991376397367,0.33,0.7433333333333333,0.33184414840907933,0.7403149178414404,6.666061960656113,9.550630876052221,5.254313713128929,7.504740177591856,1.2686836615788004,1.2726131285089815,10,2.5,100black,tan,45.1,222,325,103,NA,0,-182.88,9.144,115.824,0,NA,NA,NA
614,NA,128,KahuluiBreakwaterBasaltOutside,6/13/2024,NA,north,NA,basalt,NA,boulder,NA,3.22,2.56,1.05923719532368,2.84921561619427,1.1858291954081464,0.32895565072163974,0.7950310559006211,0.3300710989339371,0.7930684563836273,8.079917438593919,10.051027695157384,6.474194140517847,8.03951475887685,1.2480190218620222,1.2502032767661153,50,5,100black,white,75.5,273,323,50,NA,0,-228.6,-30.48,182.88,0,NA,NA,NA
616,NA,129,KahuluiBreakwaterBasaltOutside,6/13/2024,NA,north,NA,basalt,NA,boulder,NA,3.34,2.99,1.01,3.2108838804200213,1.0888510659812791,0.3023952095808383,0.8952095808383235,0.3030776011549704,0.8937374581966883,9.316599318563572,10.771586719055998,7.843457298584957,9.060019255459688,1.18781794352911,1.1889143295766063,5,0,100black,tan,153,165,336,171,NA,0,-304.8,0,121.92,0,NA,NA,NA
620,NA,130,MaaleaLighthouse,6/13/2024,NA,south,NA,basalt,NA,bench,NA,4.55,3.56,1.56,2.8259786953967,1.2228025773299052,0.34285714285714286,0.7824175824175824,0.3403625008065472,0.7866005468286977,16.17945467046623,10.100710578551123,12.721879450711867,7.973948093215916,1.2717817939676272,1.2667138612483089,0,2.5,100black,darktan,80.5,12,65,53,NA,-15.24,-198.12,-15.24,426.72,-60.96,NA,NA,NA
620,NA,131,MaaleaLighthouse,6/13/2024,NA,south,NA,basalt,NA,bench,NA,5,4.11,1.68,2.9752711353714836,1.1948580084551532,0.33599999999999997,0.8220000000000001,0.33258423510568474,0.8281555362958319,20.15242282271617,10.428148866543347,16.139932257817563,8.395200443422105,1.2486064068177924,1.2421560315113285,5,0,100black,grey,86,66,48,18,NA,15.24,-243.84,15.24,384.048,-54.864000000000004,NA,NA,NA
621,NA,132,MaaleaLighthouse,6/13/2024,NA,south,NA,basalt,NA,bench,NA,4.33,3.54,1.32,2.949577795970034,1.0889163486592364,0.3048498845265589,0.8175519630484989,0.303095772342978,0.8210038918563474,14.562503434294632,10.041330679754129,12.038740128188767,8.32270260220969,1.2096368290396484,1.206498797288292,10,2.5,100black,tan,26.2,136,75,61,NA,-36.576,-335.28000000000003,-73.152,548.64,-36.576,NA,NA,NA
621,NA,133,MaaleaLighthouse,6/13/2024,NA,south,NA,basalt,NA,bench,NA,3.78,2.99,0.99,2.845065810735012,0.9394541293857231,0.2619047619047619,0.7910052910052912,0.26149352544625376,0.7919133736334275,10.336057137879854,9.342025724448517,8.876727122350639,8.027805423140183,1.1643995580144375,1.1637085395119429,5,0,100black,tan,14.5,110,80,30,NA,-45.72,-213.36,-51.816,594.36,-45.72,NA,NA,NA
621,NA,134,MaaleaLighthouse,6/13/2024,NA,south,NA,basalt,NA,bench,NA,4,3.12,1.22,2.809066646256811,1.0921255474745666,0.305,0.78,0.30398904076964123,0.7818931415240858,11.967189176262146,9.662087890483395,9.801769079200154,7.926228058308697,1.2209213540499666,1.2190020044092824,0,5,100black,grey,24.4,130,60,70,NA,-9.144,-256.03200000000004,-9.144,457.2,-60.96,NA,NA,NA
623,NA,135,MaaleaLighthouse,6/13/2024,NA,south,NA,basalt,NA,bench,NA,4.77,3.56,1.56,2.6985144652773037,1.164703676199078,0.32704402515723274,0.7463312368972748,0.32419089007427315,0.7511213575211714,16.847378877810744,9.57308792444831,13.337003292284749,7.61428750682529,1.2632057223496895,1.257253277587324,2.5,2.5,100black,tan,113.8,136,65,71,NA,-18.288,-304.8,36.576,487.68,-18.288,NA,NA,NA
623,NA,136,MaaleaLighthouse,6/13/2024,NA,south,NA,basalt,NA,bench,NA,4.11,3.33,1.23,2.919683475409735,1.070709889117692,0.2992700729927007,0.8102189781021898,0.2980280727688371,0.8126829201030544,12.949257811383708,9.90621572175976,10.749194883706497,8.238351024889566,1.2046723453690509,1.2024512783967654,5,5,100black,grey,110.6,140,71,69,NA,21.336,-329.184,21.336,487.68,-24.384,NA,NA,NA
624,NA,137,MaaleaLighthouse,6/13/2024,NA,south,NA,basalt,NA,bench,NA,4.22,3.34,1.23,2.8538179941734856,1.0419493352258085,0.2914691943127962,0.7914691943127963,0.290022680705796,0.7943495109935083,13.285203470453531,9.642811293756496,11.070030033454353,8.052501099917356,1.2001054586396587,1.197492701224898,0,0,100black,tan,76,97,74,23,NA,-94.488,-274.32,-94.488,365.76,-109.72800000000001,NA,NA,NA
624,NA,138,MaaleaLighthouse,6/13/2024,NA,south,NA,basalt,NA,bench,NA,4,3.22,1.11,2.899100833636837,0.99365521122686,0.2775,0.805,0.27658019283139496,0.8069538191370375,11.93099861251853,9.635159368733314,10.115928344559135,8.180273829408335,1.1794269597545768,1.1778529141768606,0,2.5,100black,darktan,53.6,284,73,149,NA,-15.24,-304.8,-15.24,320.04,-140.208,NA,NA,NA
624,NA,139,MaaleaLighthouse,6/13/2024,NA,south,NA,basalt,NA,bench,NA,4.01,3.33,1.23,2.990830330012319,1.0982467967742449,0.30673316708229426,0.830423940149626,0.3056928675020384,0.832486379636099,12.674123496368288,10.182981105339453,10.487657295295145,8.439103184316918,1.2084799435669977,1.20664256413683,5,5,100black,grey,102.9,143,68,75,NA,25.908,-335.28000000000003,25.908,350.52,-27.432000000000002,NA,NA,NA
625,NA,140,MaaleaLighthouse,6/13/2024,NA,south,NA,basalt,NA,bench,NA,3.33,2.77,1,2.983362469804589,1.0814080424445875,0.3003003003003003,0.8318318318318318,0.30100586353233466,0.8304077288194422,8.694893445797009,10.113610802820585,7.244591198994403,8.418031429685213,1.2001910400415579,1.2014223143852978,0,10,100black,grey,21.5,307,99,152,NA,-118.872,-271.272,-118.872,396.24,-192.024,NA,NA,NA
625,NA,141,MaaleaLighthouse,6/13/2024,NA,south,NA,basalt,NA,bench,NA,4,3.11,1.23,2.800063227518808,1.101077396224358,0.3075,0.7775,0.30648075421857274,0.7793870737627907,11.968880754049009,9.663237235832337,9.770353152664256,7.900823481198732,1.225020279925628,1.223067096591583,0,10,100black,grey,42,325,85,120,NA,-143.256,-240.792,NA,518.16,-143.256,NA,NA,NA
625,NA,142,MaaleaLighthouse,6/13/2024,NA,south,NA,basalt,NA,bench,NA,3.44,2.78,1.01,2.9005169131731283,1.0562347654642006,0.2936046511627907,0.8081395348837209,0.29399897651280493,0.8073479795528303,8.999524620983095,9.812066002033175,7.510919716202476,8.184269522913258,1.1981920937817263,1.1988933129050336,50,0,100black,darktan,23.2,3,86,83,NA,-167.64000000000001,-237.744,NA,411.48,-167.64000000000001,NA,NA,NA
625,NA,143,MaaleaLighthouse,6/13/2024,NA,south,NA,basalt,NA,bench,NA,3.33,2.67,1.01,2.875659853566156,1.0922221228690334,0.3033033033033033,0.8018018018018017,0.304015922167658,0.8004291104505094,8.464440496977417,9.846087357731502,6.983053610583053,8.114131378072026,1.2121402711486093,1.2134493390555627,0,15,100black,grey,74.3,125,83,42,NA,-216.408,-335.28000000000003,NA,347.47200000000004,-216.408,NA,NA,NA
626,NA,144,MaaleaLighthouse,6/13/2024,NA,south,NA,basalt,NA,bench,NA,4.12,3.34,1.33,2.921503639164699,1.154862620193347,0.32281553398058255,0.8106796116504854,0.3214516691282379,0.8131895558421365,13.344706890998513,10.157432381634239,10.807707046879607,8.243486906248783,1.234739878969183,1.2321766865347519,75,2.5,100black,tan,66.6,269,90,179,NA,-51.816,-219.45600000000002,NA,463.296,-51.816,NA,NA,NA
