gps_waypoint,gps_id,site,individual_id,date,limpet_location_solar_refuge_category,moving,length_in,length_tenth_mm,width_in,width_tenth_mm,height_ww_in,height_ww_tenth_mm,path_to_ocean,surface_angle,dist_to_open_h2o_ft,dist_to_shelter_ft,dist_to_underrock_ft,shelter_type,dist_to_littpint_ft,dist_to_crustose_ft,compass_surface,compass_ocean,pics,camera_type,color_ribs,erosion,color_interrib,rock_move,substrate,notes,limu_on_shell,spot_on_transect,spot_notes,altitude_est_hypotenuse_ft,altitude_est_adjacent_ft,altitude_est_angle_deg,altitude_est_opposite_ft,shore_type,width_cm,length_cm,height_ww_cm,length_imputed,width_imputed,height_imputed,length_invalid,length_predicted_cm,width_predicted_cm,height_predicted_cm,height_index,width_index,est_surface_area_cm2,cross_sectional_area_cm2,thermal_dissipation_index,width_cm_normalized,height_ww_cm_normalized,compass_surface_relative_ocean,shore,substrate_subtype,est_surface_area_cm2_normalized,cross_sectional_area_cm2_normalized,thermal_dissipation_index_normalized,height_index_normalized,width_index_normalized,dist_to_open_h2o_cm,dist_to_shelter_cm,dist_to_underrock_cm,dist_to_littpint_cm,dist_to_crustose_cm,altitude_est_hypotenuse_cm,altitude_est_adjacent_cm,altitude_est_opposite_cm
48,NA,KahuluiBreakwaterBasaltInside,1,6/12/2023,refuge,y,1.72,NA,1.43,NA,0.43,NA,y,53,0,0,NA,underrock,1.52,-0.9,170,107,1-2,digital,100black,0,tanbrown,n,basalt,NA,0,boulder,boulder,NA,NA,NA,NA,bb,3.6322,4.3688,1.0922,FALSE,FALSE,FALSE,FALSE,NA,NA,NA,0.25,0.8313953488372092,14.240234726601097,12.462977155882054,1.142602971062997,3.0001262001134963,0.8927476789749131,63,north,NA,9.653141939883351,8.46533295943476,1.1403145022340508,0.24849296054694434,0.8350738501349904,0,0,NA,46.3296,-27.432000000000002,NA,NA,NA
48,NA,KahuluiBreakwaterBasaltInside,2,6/12/2023,exposed,n,1.06,NA,0.85,NA,0.29,NA,y,83.5,-0.45,-0.95,NA,crevice,1,-0.95,354,107,3-4,digital,100black,0,tanbrown,n,basalt,NA,0,boulder,boulder,NA,NA,NA,NA,bb,2.159,2.6924,0.7365999999999999,FALSE,FALSE,FALSE,FALSE,NA,NA,NA,0.2735849056603773,0.8018867924528301,5.366813768175026,4.565434386668454,1.1755319020347075,2.862201470543309,0.9916976975542944,113,north,NA,9.527803295590184,8.076156411092406,1.1797447709784294,0.27603532625905564,0.7966830201270239,-13.716000000000001,-28.956,NA,30.48,-28.956,NA,NA,NA
50,NA,KahuluiBreakwaterBasaltInside,3,6/12/2023,exposed,n,1.48,NA,1.19,NA,0.44,NA,y,75.7,-2.87,-1.1,NA,crevice,2.78,-2.87,85,123,5-6,digital,100black,0,brown,n,basalt,NA,0,boulder,boulder,NA,NA,NA,NA,bb,3.0225999999999997,3.7592,1.1176,FALSE,FALSE,FALSE,FALSE,NA,NA,NA,0.2972972972972973,0.8040540540540541,10.743826351136764,8.924132121865128,1.2039071367862406,2.891639092738896,1.0665893014858805,38,north,NA,9.816827446141877,8.159219341381894,1.203157684014319,0.2968811226910752,0.8048768716072576,-87.47760000000001,-33.528000000000006,NA,84.7344,-87.47760000000001,NA,NA,NA
49,NA,KahuluiBreakwaterBasaltInside,4,6/12/2023,exposed,n,1.47,NA,1.23,NA,0.39,NA,y,56.3,-1.34,-0.65,NA,underrock,4.3,-1.34,64,97,7-8,digital,100black,0,tan,n,basalt,all dist 0.15ft longer than should be,0,boulder,boulder,NA,NA,NA,NA,bb,3.1242,3.7338,0.9906,FALSE,FALSE,FALSE,FALSE,NA,NA,NA,0.2653061224489796,0.8367346938775511,10.611485282221011,9.161777929561856,1.1582342820143519,3.00870884306492,0.9520166671514662,33,north,NA,9.828647299673374,8.48955025077837,1.1577347455799827,0.264990260609964,0.8374627965378144,-40.8432,-19.812,NA,131.064,-40.8432,NA,NA,NA
49,NA,KahuluiBreakwaterBasaltInside,5,6/12/2023,refuge,n,1.35,NA,1.11,NA,0.37,NA,y,81.4,-0.7899999999999999,0,NA,crevice,3.3000000000000003,-0.7899999999999999,181,97,9-10,digital,100black,0,black,n,basalt,all dist 0.15ft longer than should be,0,boulder,boulder,NA,NA,NA,NA,bb,2.8194000000000004,3.4290000000000003,0.9398,FALSE,FALSE,FALSE,FALSE,NA,NA,NA,0.274074074074074,0.8222222222222223,8.893822362316056,7.593011574276006,1.1713168451431055,2.9508481732454004,0.9860716662041253,84,north,NA,9.758178910291864,8.326287173625275,1.171972417814547,0.2744693415813484,0.821357496595516,-24.079199999999997,0,NA,100.584,-24.079199999999997,NA,NA,NA
50,NA,KahuluiBreakwaterBasaltInside,6,6/12/2023,refuge,n,1.49,NA,1.24,NA,0.44,NA,n,22,-6.25,0,NA,underrock,1.75,-0.35,312,98,11-12,digital,100black,0,tanbrown,y,basalt,all dist 0.15ft longer than should be,0,boulder,boulder,NA,NA,NA,NA,bb,3.1496,3.7846,1.1176,FALSE,FALSE,FALSE,FALSE,NA,NA,NA,0.29530201342281875,0.832214765100671,11.178400095371057,9.36192738380537,1.194027643784964,2.9933690663497723,1.059210471556593,146,north,NA,10.078184094801717,8.446266632438517,1.1932116914348523,0.29482725311775254,0.8331930273523565,-190.5,0,NA,53.34,-10.668,NA,NA,NA
51,NA,KahuluiBreakwaterBasaltInside,7,6/12/2023,exposed,n,1.32,NA,1.06,NA,0.38,NA,y,36.3,-1.4500000000000002,-1.4500000000000002,NA,crevice,7.85,-1.4500000000000002,128,106,13-14,digital,100black,0,tan,n,concrete,all dist 0.15ft longer than should be,0,boulder,boulder,NA,NA,NA,NA,bb,2.6924,3.3528000000000002,0.9652000000000001,FALSE,FALSE,FALSE,FALSE,NA,NA,NA,0.2878787878787879,0.803030303030303,8.45461895247037,7.089851047532189,1.1924959912117228,2.8805094597768743,1.036458430076331,22,north,NA,9.70123759333277,8.127815312865943,1.1935848958054172,0.2884943078981032,0.8017789801092823,-44.196000000000005,-44.196000000000005,NA,239.268,-44.196000000000005,NA,NA,NA
52,NA,KahuluiBreakwaterBasaltInside,8,6/12/2023,exposed,n,1.33,NA,1.06,NA,0.34,NA,y,52.9,-0.63,-0.13000000000000003,NA,crevice,5.35,-0.63,96,110,15-16,digital,100black,0,tan,n,basalt,all dist 0.15ft longer than should be,0,boulder,boulder,NA,NA,NA,NA,bb,2.6924,3.3782,0.8636,FALSE,FALSE,FALSE,FALSE,NA,NA,NA,0.2556390977443609,0.7969924812030076,8.256741877052523,7.143562040316524,1.1558297989789243,2.8593385205106796,0.9201702278789493,14,north,NA,9.331765620621546,8.0680781424944,1.156628066288963,0.25612592395126454,0.795886128747454,-19.2024,-3.962400000000001,NA,163.06799999999998,-19.2024,NA,NA,NA
51,NA,KahuluiBreakwaterBasaltInside,9,6/12/2023,refuge,n,1.15,NA,0.89,NA,0.31,NA,y,81.1,-0.7,0,NA,underrock,2.65,-0.7,282,106,17-19,digital,100black,0,tan,n,basalt,all dist 0.15ft longer than should be,0,boulder,boulder,NA,NA,NA,NA,bb,2.2606,2.921,0.7874,FALSE,FALSE,FALSE,FALSE,NA,NA,NA,0.26956521739130435,0.773913043478261,6.10805136023406,5.1861510485628894,1.1777619477409231,2.7674393695660204,0.9746686122666572,176,north,NA,9.220856220975508,7.8087700802513975,1.1808333612351216,0.27129534438266445,0.7703063455368044,-21.336,0,NA,80.77199999999999,-21.336,NA,NA,NA
52,NA,KahuluiBreakwaterBasaltInside,10,6/12/2023,refuge,n,1.38,NA,1.12,NA,0.37,NA,y,71.8,-0.19000000000000003,0,NA,crevice,2.41,-0.19000000000000003,88,110,20-21,digital,100black,0,tan,n,basalt,all dist 0.15ft longer than should be,0,boulder,boulder,NA,NA,NA,NA,bb,2.8448,3.5052,0.9398,FALSE,FALSE,FALSE,FALSE,NA,NA,NA,0.26811594202898553,0.8115942028985508,9.138369662138006,7.831670796930926,1.1668480326980992,2.91415086766104,0.9639801583248032,22,north,NA,9.597473436792104,8.222739892689566,1.1671867968637493,0.2683202534065326,0.8111429395336323,-5.791200000000001,0,NA,73.4568,-5.791200000000001,NA,NA,NA
54,NA,KahuluiBreakwaterBasaltInside,11,6/12/2023,exposed,n,1.72,NA,1.33,NA,0.51,NA,y,94.3,-1.8900000000000001,-1.8900000000000001,NA,underrock,1.52,-1.8900000000000001,96,100,22-23,digital,100black,0,tan,n,basalt,all dist 0.15ft longer than should be,0,boulder,boulder,NA,NA,NA,NA,bb,3.3782,4.3688,1.2954,FALSE,FALSE,FALSE,FALSE,NA,NA,NA,0.29651162790697677,0.7732558139534883,14.047796689600657,11.591440291834358,1.211911232420072,2.790327165140525,1.0588402704121063,4,north,NA,9.515357965452377,7.873351633600162,1.208552393982357,0.29472420902079444,0.7766770773982778,-57.607200000000006,-57.607200000000006,NA,46.3296,-57.607200000000006,NA,NA,NA
54,NA,KahuluiBreakwaterBasaltInside,12,6/12/2023,refuge,n,1.76,NA,1.42,NA,0.6,NA,y,110.7,-0.18000000000000002,0,NA,crevice,3.21,-0.18000000000000002,296,100,24-25,digital,100black,0,brown,n,basalt,all dist 0.15ft longer than should be,0,boulder,boulder,NA,NA,NA,NA,bb,3.6068,4.4704,1.524,FALSE,FALSE,FALSE,FALSE,NA,NA,NA,0.34090909090909094,0.8068181818181818,15.959629564944903,12.663633317604662,1.260272558804923,2.9129495083626487,1.2165183633922791,164,north,NA,10.32176780940091,8.219350066466784,1.2557888064059404,0.33861331347977175,0.8108085456889115,-5.486400000000001,0,NA,97.8408,-5.486400000000001,NA,NA,NA
55,NA,KahuluiBreakwaterBasaltInside,13,6/12/2023,exposed,n,NA,NA,1.35,NA,0.58,NA,y,98.2,-1.07,-0.5,NA,underrock,4.85,-1.07,64,93,26-27,digital,100black,0,tanbrown,n,basalt,all dist 0.15ft longer than should be,0,boulder,boulder,NA,NA,NA,NA,bb,3.4290000000000003,4.181808128982119,1.4731999999999998,TRUE,FALSE,FALSE,FALSE,4.181808128982119,NA,NA,0.3522878034001495,0.8199802320520723,14.317758454002876,11.26215419052377,1.2713161453649924,2.9560142492903485,1.259718772770077,29,north,NA,10.5769224399053,8.340864078361014,1.2680847380483478,0.35063798503697513,0.8227954544430165,-32.613600000000005,-15.24,NA,147.828,-32.613600000000005,NA,NA,NA
55,NA,KahuluiBreakwaterBasaltInside,14,6/13/2023,refuge,n,1.38,NA,1.12,NA,0.49,NA,y,142.9,-1.2100000000000002,0,NA,underrock,4.449999999999999,-1.2100000000000002,90,93,28-29,digital,100black,0,tan,n,basalt,all dist 0.15ft longer than should be,0,boulder,boulder,NA,NA,NA,NA,bb,2.8448,3.5052,1.2446,FALSE,FALSE,FALSE,FALSE,NA,NA,NA,0.3550724637681159,0.8115942028985508,10.010022663397638,7.831670796930926,1.2781465057648191,2.91415086766104,1.27662237183555,3,north,NA,10.514315118426843,8.222739892689566,1.2786875488758442,0.3553430382951377,0.8111429395336323,-36.88080000000001,0,NA,135.63599999999997,-36.88080000000001,NA,NA,NA
56,NA,KahuluiBreakwaterBasaltInside,15,6/13/2023,exposed,y,1.3,NA,1.05,NA,0.37,NA,y,26.9,-1.95,-0.83,NA,underrock,7.8,-1.95,144,110,1-2,phone,100black,0,black,y,basalt,"next day, low tide",0,boulder,boulder,NA,NA,NA,NA,bb,2.6670000000000003,3.302,0.9398,FALSE,FALSE,FALSE,FALSE,NA,NA,NA,0.2846153846153846,0.8076923076923077,8.212069360684277,6.916557089680845,1.1873059463264275,2.8962341105976175,1.0251928311730572,34,north,NA,9.713471292265417,8.172184914672494,1.1886015054340815,0.28535857079148497,0.8061558775552662,-59.436,-25.2984,NA,237.744,-59.436,NA,NA,NA
56,NA,KahuluiBreakwaterBasaltInside,16,6/13/2023,refuge,n,1.47,NA,1.22,NA,0.46,NA,y,79.7,-1.26,-0.47,NA,crevice,8,-1.26,95,110,3-4,phone,100black,0,brown,n,basalt,"next day, low tide",0,boulder,boulder,NA,NA,NA,NA,bb,3.0987999999999998,3.7338,1.1684,FALSE,FALSE,FALSE,FALSE,NA,NA,NA,0.3129251700680272,0.8299319727891156,11.053355340757244,9.087291930134523,1.216353059386485,2.984247795560327,1.122891453563268,15,north,NA,10.236707357514174,8.420529517032204,1.215684516847591,0.31255261507841914,0.8306541559155557,-38.4048,-14.3256,NA,243.84,-38.4048,NA,NA,NA
57,NA,KahuluiBreakwaterBasaltInside,17,6/13/2023,exposed,y,1.41,NA,1.07,NA,0.41,NA,y,48.2,-1.01,-1,NA,crevice,5,-1.01,172,120,5-6,phone,100black,0,brown,n,basalt,"next day, low tide",0,boulder,boulder,NA,NA,NA,NA,bb,2.7178,3.5814,1.0413999999999999,FALSE,FALSE,FALSE,FALSE,NA,NA,NA,0.2907801418439716,0.7588652482269503,9.24163980597938,7.644695737143949,1.20889570020115,2.7261425916432565,1.0447718921826887,52,north,NA,9.299535116806036,7.6922446570025995,1.20894947202963,0.2908083288245712,0.7588115426392372,-30.7848,-30.48,NA,152.4,-30.7848,NA,NA,NA
57,NA,KahuluiBreakwaterBasaltInside,18,6/13/2023,refuge,n,1.31,NA,1.03,NA,0.37,NA,y,141,-0.41,0,NA,underrock,4.4,-0.41,120,120,7-8,phone,100black,0,tan,n,basalt,"next day, low tide",0,boulder,boulder,NA,NA,NA,NA,bb,2.6162,3.3274000000000004,0.9398,FALSE,FALSE,FALSE,FALSE,NA,NA,NA,0.282442748091603,0.7862595419847328,8.137969661653722,6.837004015462537,1.190283001625994,2.81986787056955,1.0171259698468766,0,north,NA,9.48029285769382,7.956705429618418,1.1914847095386902,0.2831131902651912,0.7848996217090426,-12.496799999999999,0,NA,134.11200000000002,-12.496799999999999,NA,NA,NA
60,NA,KahuluiBreakwaterBasaltInside,19,6/13/2023,exposed,y,1.71,NA,1.42,NA,0.54,NA,y,45.5,-0.9,0.44,NA,underrock,0.31,-0.9,189,121,9-10,phone,100black,0,tan,y,basalt,"next day, low tide",0,boulder,boulder,NA,NA,NA,NA,bb,3.6068,4.3434,1.3716000000000002,FALSE,FALSE,FALSE,FALSE,NA,NA,NA,0.31578947368421056,0.8304093567251462,15.008690136992788,12.303871007445439,1.2198348087289426,2.996173864989433,1.1278845579854022,68,north,NA,10.284632058061728,8.454180817637793,1.2165143234936613,0.3139424269249208,0.8339737325102883,-27.432000000000002,13.411200000000001,NA,9.4488,-27.432000000000002,NA,NA,NA
60,NA,KahuluiBreakwaterBasaltInside,20,6/13/2023,refuge,n,1.39,NA,1.12,NA,0.35,NA,y,127.3,-0.79,0,NA,underrock,3.45,-0.79,71,121,11-12,phone,100black,0,tan,n,basalt,"next day, low tide",0,boulder,boulder,NA,NA,NA,NA,bb,2.8448,3.5305999999999997,0.8889999999999999,FALSE,FALSE,FALSE,FALSE,NA,NA,NA,0.2517985611510791,0.8057553956834533,9.068850420691966,7.888422034589845,1.149640622791995,2.8936572752530982,0.9051108465462103,50,north,NA,9.388485650572282,8.164913964146425,1.149857266322557,0.2519342017664759,0.8054386251236084,-24.0792,0,NA,105.156,-24.0792,NA,NA,NA
62,NA,HonoluaAdjacentInnerSide,21,6/13/2023,refuge,n,1.33,NA,1.12,NA,0.51,NA,y,178.4,-5.6,0,NA,underrock,12,-5.6,163,175,13-14,phone,100black,10,tanwhite,n,basalt,dist in inches,2.5,slope,slope,NA,NA,NA,NA,ba1 tp,2.8448,3.3782,1.2954,FALSE,FALSE,FALSE,FALSE,NA,NA,NA,0.3834586466165414,0.8421052631578948,9.86358512803012,7.547914608636327,1.3067960674520884,3.0211878707282653,1.380255341818424,12,north,'a'a,11.152623288297045,8.524761810937479,1.3082621585963792,0.3841888859268968,0.840936286978442,-170.688,0,NA,365.76,-170.688,NA,NA,NA
63,NA,HonoluaAdjacentInnerSide,22,6/13/2023,exposed/refuge,n,1.29,NA,1.06,NA,0.535,NA,y,94.5,-2.3,-1,NA,crustose,3,-1,131,92,NA,NA,100black,10,grey,n,basalt,NA,0,cliff,cliff,NA,NA,NA,NA,ba1 tp,2.6924,3.2766,1.3589,FALSE,FALSE,FALSE,FALSE,NA,NA,NA,0.4147286821705426,0.8217054263565892,9.428222344188569,6.928718069179184,1.3607455592872018,2.9459690478074196,1.494221321513074,39,north,NA,11.332416432169232,8.312519945639401,1.3632949462111081,0.4159108879694833,0.8199994103707992,-70.104,-30.48,NA,91.44,-30.48,NA,NA,NA
64,NA,HonoluaAdjacentInnerSide,23,6/13/2023,exposed,n,1.2,NA,0.975,NA,0.39,NA,y,30.4,-0.7,-0.7,NA,crustose,2.7,-0.7,232,67,15-16,phone,100black,10,tan,n,basalt,NA,2.5,bench,bench,NA,NA,NA,NA,ba1 tp,2.4765,3.048,0.9906,FALSE,FALSE,FALSE,FALSE,NA,NA,NA,0.325,0.8125,7.333801226695793,5.928477505440724,1.2370463107881182,2.908214897711813,1.173559529910337,165,north,NA,10.176951848964974,8.205990609924227,1.2401856561543088,0.3266558836650806,0.8094906846119562,-21.336,-21.336,NA,82.296,-21.336,NA,NA,NA
64,NA,HonoluaAdjacentInnerSide,24,6/13/2023,refuge,n,1.16,NA,0.99,NA,0.44,NA,y,72.8,-2,-1.1,NA,crustose,2.6,-1.1,219,67,17-18,phone,100black,25,grey,n,basalt,NA,0,bench,bench,NA,NA,NA,NA,ba1 tp,2.5146,2.9463999999999997,1.1176,FALSE,FALSE,FALSE,FALSE,NA,NA,NA,0.37931034482758624,0.8534482758620691,7.546717894996025,5.819028689955664,1.296903366024395,3.052446225603739,1.3711077310658422,152,north,NA,11.209775098960828,8.612962227898288,1.3015005525800625,0.38164268286037056,0.8496369325558715,-60.96,-33.528000000000006,NA,79.248,-33.528000000000006,NA,NA,NA
65,NA,HonoluaAdjacentInnerSide,25,6/13/2023,exposed,n,1.22,NA,0.98,NA,0.47,NA,y,103.4,-1.55,-0.64,NA,underrock,3.6,-1.55,76,57,19-20,phone,100black,50,greywhite,n,basalt,NA,0,cliff,cliff,NA,NA,NA,NA,ba1 tp,2.4892,3.0987999999999998,1.1938,FALSE,FALSE,FALSE,FALSE,NA,NA,NA,0.3852459016393443,0.8032786885245902,8.02555861957226,6.058194620089682,1.3247442716611595,2.8762815350610214,1.3903939988557539,19,north,NA,10.781947701661638,8.115885551229328,1.3284992295176559,0.38701094300137623,0.8006021531576645,-47.244,-19.5072,NA,109.72800000000001,-47.244,NA,NA,NA
65,NA,HonoluaAdjacentInnerSide,26,6/13/2023,exposed/refuge,n,1.28,NA,1.01,NA,0.47,NA,y,105,-3,-0.75,NA,underrock,3,-3,66,57,21-22,phone,100black,75,tanwhite,n,basalt,NA,0,cliff,cliff,NA,NA,NA,NA,ba1 tp,2.5654,3.2512000000000003,1.1938,FALSE,FALSE,FALSE,FALSE,NA,NA,NA,0.36718749999999994,0.7890624999999999,8.543054212375042,6.5507142897724515,1.3041408668537422,2.8284411490379218,1.3232540172261735,9,north,NA,10.427338598744884,7.980896297584561,1.3065372872844803,0.3683227814982751,0.7872859615432108,-91.44,-22.86,NA,91.44,-91.44,NA,NA,NA
68,NA,HonoluaAdjacentInnerSide,27,6/13/2023,exposed/refuge,n,1.32,NA,1.07,NA,0.56,NA,y,12.1,-0.75,-0.75,NA,crustose,11.6,-0.75,247,67,23-24,phone,100black,50,grey,n,basalt,NA,2.5,bench2,bench2,NA,NA,NA,NA,ba1 tp,2.7178,3.3528000000000002,1.4224,FALSE,FALSE,FALSE,FALSE,NA,NA,NA,0.42424242424242425,0.8106060606060606,9.879063162941069,7.156736434773059,1.3803866123867303,2.9076840773219392,1.5274124232703825,180,north,NA,11.341850307449928,8.204492815817508,1.3823950562286902,0.42514950637615206,0.8093429327518227,-22.86,-22.86,NA,353.568,-22.86,NA,NA,NA
68,NA,HonoluaAdjacentInnerSide,28,6/13/2023,refuge,n,1.35,NA,1.09,NA,0.53,NA,y,133.7,-1.45,0,NA,underrock,11,-1.45,62,67,25-26,phone,100black,25,tan,n,basalt,NA,2.5,cliff,cliff,NA,NA,NA,NA,ba1 tp,2.7686,3.4290000000000003,1.3462,FALSE,FALSE,FALSE,FALSE,NA,NA,NA,0.3925925925925926,0.8074074074074074,9.94560180972745,7.45620055491968,1.3338699430724454,2.897679737691429,1.4124810353734771,5,north,NA,10.91594611784649,8.176263981307702,1.3350775051786679,0.3931587865894991,0.8065582624226237,-44.196,0,NA,335.28000000000003,-44.196,NA,NA,NA
69,NA,HonoluaAdjacentInnerSide,29,6/14/2023,exposed/refuge,n,1.7,NA,1.4,NA,0.575,NA,y,40.6,-0.4,-0.2,NA,underrock,6,-0.4,40,25,27-28,canon,100black,50,tan,n,basalt,canon cam here and below,2.5,cliff,cliff,NA,NA,NA,NA,ba1 tp,3.5559999999999996,4.318,1.4605,FALSE,FALSE,FALSE,FALSE,NA,NA,NA,0.3382352941176471,0.8235294117647058,15.08774482095929,12.059638002520442,1.251094337807319,2.9709572376421747,1.2082718677879298,15,north,NA,10.457441707223518,8.38302809526216,1.2474539734793153,0.3363179324274065,0.8269547790790968,-12.192,-6.096,NA,182.88,-12.192,NA,NA,NA
69,NA,HonoluaAdjacentInnerSide,30,6/14/2023,exposed/refuge,n,1.25,NA,0.925,NA,0.44,NA,y,32.7,-1.4,-0.2,NA,underrock,6,-1.4,215,25,29-30,canon,100black,50,tan,n,basalt,NA,0,cliff,cliff,NA,NA,NA,NA,ba1 tp,2.3495000000000004,3.175,1.1176,FALSE,FALSE,FALSE,FALSE,NA,NA,NA,0.352,0.7400000000000001,7.6327716432957535,5.858805227064818,1.3027863783619358,2.6511542033935704,1.2694523124963728,170,north,NA,9.768093474074455,7.480652999758,1.3057808555470296,0.3533472792307901,0.7379388066560929,-42.672,-6.096,NA,182.88,-42.672,NA,NA,NA
70,NA,HonoluaAdjacentInnerSide,31,6/14/2023,exposed,n,1.24,NA,1.02,NA,0.39,NA,y,59.4,-3.5,-1.2,NA,crevice,1.6,-3.5,150,41,31-32,canon,100black,90,grey,n,basalt,NA,0,slope,slope,NA,NA,NA,NA,ba1 tp,2.5908,3.1496,0.9906,FALSE,FALSE,FALSE,FALSE,NA,NA,NA,0.31451612903225806,0.8225806451612904,7.821610858246376,6.408836195625152,1.2204416869923471,2.946476781748191,1.1345521979057653,109,north,NA,10.166172641157043,8.313952597660265,1.2227845325962088,0.3157983394326682,0.8201407362046086,-106.68,-36.576,NA,48.768,-106.68,NA,NA,NA
70,NA,HonoluaAdjacentInnerSide,32,6/14/2023,exposed,n,1.335,NA,1.09,NA,0.52,NA,y,64.6,-2.4,-1.5,NA,crevice,2.4,-2.4,55,51,33-34,canon,100black,50,tangrey,n,basalt,NA,2.5,slope,slope,NA,NA,NA,NA,ba1 tp,2.7686,3.3909,1.3208,FALSE,FALSE,FALSE,FALSE,NA,NA,NA,0.3895131086142322,0.8164794007490638,9.773470010640482,7.373353882087239,1.3255121301561374,2.929499067866375,1.4018856946158735,4,north,NA,10.96882090086667,8.266047279245942,1.3269729207098466,0.3902096133181849,0.8154150533659192,-73.152,-45.72,NA,73.152,-73.152,NA,NA,NA
71,NA,HonoluaAdjacentInnerSide,33,6/14/2023,exposed,n,1.15,NA,0.96,NA,0.39,NA,y,38,-0.8,-0.8,NA,crustose,6.4,-0.8,31,33,35-36,canon,100black,25,tan,n,basalt,NA,2.5,slope,slope,NA,NA,NA,NA,ba1 tp,2.4384,2.921,0.9906,FALSE,FALSE,FALSE,FALSE,NA,NA,NA,0.33913043478260874,0.8347826086956522,6.985386110836333,5.594050569236375,1.2487170118288518,2.985103140206044,1.2261959960774076,2,north,NA,10.55249915378075,8.42294300791162,1.2528280369306608,0.341307046158836,0.8308922378823957,-24.384,-24.384,NA,195.072,-24.384,NA,NA,NA
72,NA,HonoluaAdjacentInnerSide,34,6/14/2023,exposed,n,1.68,NA,1.39,NA,0.6,NA,y,41.2,-0.9,-0.9,NA,crustose,6.4,-0.9,354,37,37-38,canon,100black,75,tan,n,basalt,NA,0,cliff,(slope on cliff),NA,NA,NA,NA,ba1 tp,3.5305999999999997,4.2672,1.524,FALSE,FALSE,FALSE,FALSE,NA,NA,NA,0.35714285714285715,0.8273809523809523,15.091554307978582,11.832633051884766,1.2754180951782932,2.9840548504071,1.2762818319716314,43,north,NA,10.707834053714622,8.419985091612729,1.2717165098523575,0.3552482503041271,0.8306004503574481,-27.432000000000002,-27.432000000000002,NA,195.072,-27.432000000000002,NA,NA,NA
73,NA,HonoluaAdjacentInnerSide,35,6/14/2023,exposed,y,1.455,NA,1.15,NA,0.515,NA,y,45.9,-0.6,-0.6,NA,crustose,3.65,-0.6,29,36,39-40,canon,100black,75,tan,n,basalt,NA,0,cliff,NA,NA,NA,NA,NA,ba1 tp,2.921,3.6957000000000004,1.3081,FALSE,FALSE,FALSE,FALSE,NA,NA,NA,0.3539518900343642,0.7903780068728521,10.890618508408172,8.478482893998882,1.2845008528727013,2.8413628433941382,1.27051327997933,7,north,NA,10.293203424225785,8.017356912181802,1.2838649366583639,0.3536425955414265,0.7908826665937867,-18.288,-18.288,NA,111.252,-18.288,NA,NA,NA
73,NA,HonoluaAdjacentInnerSide,36,6/14/2023,refuge,y,1.455,NA,1.16,NA,0.55,NA,y,44.4,-1.55,-1.55,NA,crustose,3.4,-1.55,30,36,41-42,canon,100black,75,tan,n,basalt,NA,0,cliff,NA,NA,NA,NA,NA,ba1 tp,2.9463999999999997,3.6957000000000004,1.3970000000000002,FALSE,FALSE,FALSE,FALSE,NA,NA,NA,0.3780068728522337,0.797250859106529,11.259901322558107,8.552208832207565,1.3166073868721948,2.866070346380174,1.3568588426963721,6,north,NA,10.641850619822579,8.087073059244252,1.3159088018449376,0.37767655834521285,0.797759907172863,-47.244,-47.244,NA,103.632,-47.244,NA,NA,NA
74,NA,HonoluaAdjacentInnerSide,37,6/14/2023,exposed/refuge,n,1.26,NA,1.06,NA,0.46,NA,y,63,-1.5,-1,NA,underrock,1.6,-1.5,69,162,43-44,canon,100black,75,tangrey,n,basalt,NA,0,cliff,(in crevice),NA,NA,NA,NA,ba1 tp,2.6924,3.2004,1.1684,FALSE,FALSE,FALSE,FALSE,NA,NA,NA,0.3650793650793651,0.8412698412698413,8.672785675343583,6.76758509082618,1.2815185267637053,3.0145097635014357,1.316297454200461,93,north,NA,10.922226711058254,8.505918469876766,1.2840737599047896,0.3663864483302341,0.839077460935287,-45.72,-30.48,NA,48.768,-45.72,NA,NA,NA
74,NA,HonoluaAdjacentInnerSide,38,6/14/2023,exposed/refuge,n,1.42,NA,1.13,NA,0.48,NA,y,52.1,-0.8,-0.8,NA,crustose,2.4,-0.8,248,162,45-46,canon,100black,10,tangrey,n,basalt,NA,0,cliff,(in crevice),NA,NA,NA,NA,ba1 tp,2.8701999999999996,3.6068,1.2192,FALSE,FALSE,FALSE,FALSE,NA,NA,NA,0.33802816901408456,0.7957746478873239,10.245948399571294,8.130628209598447,1.2601668819975864,2.8591917078180362,1.2142685652396068,86,north,NA,10.165945207532411,8.067663887145457,1.2600853666859166,0.3379870906211108,0.795845263986335,-24.384,-24.384,NA,73.152,-24.384,NA,NA,NA
75,NA,HonoluaAdjacentInnerSide,39,6/14/2023,exposed/refuge,n,1.63,NA,1.32,NA,0.58,NA,y,99.4,-0.34,-0.34,NA,crustose,9,-0.34,121,225,47-48,canon,75black25brown,25,tangrey,n,basalt,NA,2.5,bench,(in crevice),NA,NA,NA,NA,ba1 tp,3.3528000000000002,4.1402,1.4731999999999998,FALSE,FALSE,FALSE,FALSE,NA,NA,NA,0.35582822085889565,0.8098159509202454,13.953318254355908,10.902318120261763,1.2798487533054017,2.918713382581,1.2727720451436435,104,north,NA,10.514698313822851,8.23561375377194,1.2767352413785897,0.3542713143340702,0.8124128984108172,-10.3632,-10.3632,NA,274.32,-10.3632,NA,NA,NA
75,NA,HonoluaAdjacentInnerSide,40,6/14/2023,exposed,n,1.87,NA,1.5,NA,0.785,NA,y,44.9,-0.6,-0.6,NA,crustose,15,-0.6,221,225,49-50,canon,100black,10,tan,n,basalt,NA,2.5,bench,(open),NA,NA,NA,NA,ba1 tp,3.81,4.7498000000000005,1.9939,FALSE,FALSE,FALSE,FALSE,NA,NA,NA,0.41978609625668445,0.8021390374331551,19.57951057676157,14.213144788684813,1.3775635770873846,2.900021286157021,1.4951826543412463,4,north,NA,11.207125354641109,8.182871032504794,1.3695835251616553,0.41617847134849334,0.8072100236359906,-18.288,-18.288,NA,457.2,-18.288,NA,NA,NA
75,NA,KahuluiBreakwaterConcreteInside,41,6/14/2023,exposed,y,1.31,NA,1.03,NA,0.4,NA,y,79.3,-1.39,-1.39,NA,NA,2.35,-1.39,156,106,51-52,canon,100black,0,tan,n,concrete,shelter type and dist to shelter consolidated to dist to under rock here and below,0,boulder,NA,NA,NA,NA,NA,bc,2.6162,3.3274000000000004,1.016,FALSE,FALSE,FALSE,FALSE,NA,NA,NA,0.30534351145038163,0.7862595419847328,8.337178033342814,6.837004015462537,1.219419794765001,2.81986787056955,1.0995956430777045,50,north,NA,9.713462728107581,7.956705429618418,1.2207895358234235,0.3060683138002067,0.7848996217090426,-42.3672,-42.3672,NA,71.628,-42.3672,NA,NA,NA
75,NA,KahuluiBreakwaterConcreteInside,42,6/14/2023,exposed,n,1.63,NA,1.29,NA,0.57,NA,y,83.4,-0.83,-0.83,-2.04,NA,1.47,-0.83,141,106,53-54,canon,100black,0,tanbrown,n,concrete,NA,2.5,boulder,NA,NA,NA,NA,NA,bc,3.2766,4.1402,1.4478,FALSE,FALSE,FALSE,FALSE,NA,NA,NA,0.3496932515337423,0.7914110429447853,13.617074267484453,10.654538162983085,1.2780539202341088,2.852378987522341,1.2508276995377188,35,north,NA,10.261307826882947,8.048440713913486,1.2749435812012675,0.34816318822486214,0.7939489689014805,-25.2984,-25.2984,-62.1792,44.8056,-25.2984,NA,NA,NA
76,NA,KahuluiBreakwaterConcreteInside,43,6/14/2023,exposed,n,1.415,NA,1.18,NA,0.44,NA,y,71.1,-1.29,-1.29,NA,NA,6.75,-1.29,349,118,55-56,canon,100black,0,tanbrown,n,concrete,NA,0,boulder,NA,NA,NA,NA,NA,bc,2.9972,3.5941,1.1176,FALSE,FALSE,FALSE,FALSE,NA,NA,NA,0.31095406360424027,0.8339222614840989,10.260791244530846,8.46049477849092,1.212788555891177,2.9960162761735276,1.117134464778977,129,north,NA,10.252536064520392,8.453736155744144,1.2127816477397393,0.3109501788912014,0.8339298682557674,-39.3192,-39.3192,NA,205.74,-39.3192,NA,NA,NA
76,NA,KahuluiBreakwaterConcreteInside,44,6/14/2023,exposed,n,1.31,NA,1.05,NA,0.35,NA,y,64.4,-1.5,-1.5,NA,NA,7.75,-1.5,350,118,57-58,canon,100black,0,brown,n,concrete,NA,0,boulder,NA,NA,NA,NA,NA,bc,2.6670000000000003,3.3274000000000004,0.8889999999999999,FALSE,FALSE,FALSE,FALSE,NA,NA,NA,0.2671755725190839,0.8015267175572519,8.141233970499181,6.969761374986083,1.1680792974803154,2.87462258650294,0.9621461876929913,128,north,NA,9.483183259660997,8.111204564174116,1.169146109512105,0.26780977457518085,0.8001403910626165,-45.72,-45.72,NA,236.22,-45.72,NA,NA,NA
77,NA,KahuluiBreakwaterConcreteInside,45,6/14/2023,exposed,n,1.45,NA,1.16,NA,0.4,NA,y,NA,-1.72,-1.72,NA,NA,4.26,-1.72,156,117,59-60,canon,100black,25,brown,n,concrete,digital angle finder ran out of battery here and below,0,boulder,NA,NA,NA,NA,NA,bc,2.9463999999999997,3.683,1.016,FALSE,FALSE,FALSE,FALSE,NA,NA,NA,0.27586206896551724,0.7999999999999999,10.04591483994847,8.52281979841991,1.1787078780911142,2.8757299095065783,0.9903145861864205,39,north,NA,9.561467035965729,8.114329052043686,1.1783435173309325,0.2756503424090122,0.800448610258181,-52.4256,-52.4256,NA,129.8448,-52.4256,NA,NA,NA
77,NA,KahuluiBreakwaterConcreteInside,46,6/14/2023,exposed,n,1.56,NA,1.23,NA,0.54,NA,y,NA,-1.74,-1.74,NA,NA,6.1,-1.74,90,117,61-62,canon,100black,25,brown,n,concrete,NA,0,boulder,NA,NA,NA,NA,NA,bc,3.1242,3.9624,1.3716000000000002,FALSE,FALSE,FALSE,FALSE,NA,NA,NA,0.3461538461538462,0.7884615384615384,12.38830779124593,9.722703108922786,1.2741629207907055,2.838934531117954,1.2398486702024472,27,north,NA,10.189658431706492,8.01050504310156,1.2720369535852878,0.345107216680264,0.7902067549998923,-53.0352,-53.0352,NA,185.928,-53.0352,NA,NA,NA
78,NA,KahuluiBreakwaterConcreteInside,47,6/14/2023,refuge,n,1.44,NA,1.18,NA,0.44,NA,y,NA,-1.19,0,0,NA,0.9,-1.19,357,134,63-64,canon,100black,0,blackbrown,n,concrete,NA,0,boulder,NA,NA,NA,NA,NA,bc,2.9972,3.6576,1.1176,FALSE,FALSE,FALSE,FALSE,NA,NA,NA,0.3055555555555555,0.8194444444444444,10.418056153323231,8.609973484824682,1.209998633757159,2.9451660614978445,1.0971456312059842,137,north,NA,10.052873747318483,8.310254192128046,1.2096950965520583,0.30538636220546495,0.819775902150006,-36.2712,0,0,27.432000000000002,-36.2712,NA,NA,NA
79,NA,KahuluiBreakwaterConcreteInside,48,6/14/2023,refuge,n,1.44,NA,1.15,NA,0.46,NA,y,NA,-2.5,0,0,NA,0.5,-2.5,108,127,65-66,canon,100black,0,brown,n,concrete,NA,0,boulder,NA,NA,NA,NA,NA,bc,2.921,3.6576,1.1684,FALSE,FALSE,FALSE,FALSE,NA,NA,NA,0.3194444444444445,0.798611111111111,10.355370586038612,8.391075853854561,1.234093311322138,2.8702889582394246,1.1470158871698928,19,north,NA,9.992162596667386,8.098976543175636,1.233756208997418,0.3192675604875316,0.7989341419258532,-76.2,0,0,15.24,-76.2,NA,NA,NA
79,NA,KahuluiBreakwaterConcreteInside,49,6/14/2023,refuge,n,1.45,NA,1.18,NA,0.45,NA,y,NA,-2.04,0,0,NA,2.63,-2.04,43,140,67-68,canon,100black,0,tanbrown,n,concrete,NA,0,boulder,NA,NA,NA,NA,NA,bc,2.9972,3.683,1.143,FALSE,FALSE,FALSE,FALSE,NA,NA,NA,0.3103448275862069,0.8137931034482758,10.556764639471043,8.669764967358185,1.2176529212980334,2.925311459670485,1.1141039094597232,97,north,NA,10.047195330755414,8.254231277078924,1.2172175692066385,0.31010663521013876,0.8142494483660808,-62.1792,0,0,80.16239999999999,-62.1792,NA,NA,NA
80,NA,KahuluiBreakwaterConcreteInside,50,6/14/2023,exposed,n,1.29,NA,1.07,NA,0.4,NA,y,NA,-1.43,-1.43,-1.5,NA,1.31,-1.43,30,140,69-70,canon,100black,0,brown,n,concrete,NA,0,boulder,NA,NA,NA,NA,NA,bc,2.7178,3.2766,1.016,FALSE,FALSE,FALSE,FALSE,NA,NA,NA,0.31007751937984496,0.8294573643410852,8.48319229294509,6.994083333982762,1.21290981074347,2.9737612086357914,1.117174819822859,110,north,NA,10.190731571361095,8.390939945126565,1.2144922545036023,0.3109614115659688,0.8277352538648634,-43.5864,-43.5864,-45.72,39.9288,-43.5864,NA,NA,NA
362,NA,HanaPalemoHanaBay,51,6/23/2023,exposed,n,NA,330,NA,271,NA,132,y,81.8,-0.75,-0.75,-1.7,NA,1.38,-0.75,201,5,1,canon,100black,50,tan,n,basalt,NA,0,boulder,NA,NA,NA,NA,NA,NA,2.71,3.3,1.32,FALSE,FALSE,FALSE,FALSE,NA,NA,NA,0.4,0.8212121212121213,9.404671695861929,7.02381577526338,1.3389690158138112,2.944673374382005,1.44083853175,164,north,NA,11.143805973939529,8.3088639971155,1.341194894730279,0.40105198910825857,0.8196387645433544,-22.86,-22.86,-51.816,42.0624,-22.86,NA,NA,NA
363,NA,HanaPalemoHanaBay,52,6/23/2023,exposed,n,NA,417,NA,348,NA,178,y,77.7,-1.6,-0.65,-0.65,NA,0.83,-1.5,314,16,2-3,canon,100black,10,tan,n,basalt,NA,0,boulder,NA,NA,NA,NA,NA,NA,3.48,4.17,1.78,FALSE,FALSE,FALSE,FALSE,NA,NA,NA,0.42685851318944845,0.8345323741007195,15.652206600965831,11.39738398795841,1.3733157203006179,3.0082824642637513,1.526503845787011,62,north,NA,11.621510662562336,8.488347155215724,1.3691134976049393,0.4248966072490566,0.8373441156012943,-48.768,-19.812,-19.812,25.2984,-45.72,NA,NA,NA
364,NA,HanaPalemoHanaBay,53,6/23/2023,exposed,n,NA,415,NA,336,NA,155,y,61.7,0.3,0.3,-0.8,NA,12.5,0.3,37,0,4-5,canon,100black,0,tan,y,basalt,NA,0,boulder,NA,NA,NA,NA,NA,NA,3.36,4.15,1.55,FALSE,FALSE,FALSE,FALSE,NA,NA,NA,0.37349397590361444,0.8096385542168674,14.291847320476373,10.951591990414018,1.3050018054896582,2.918229732289914,1.3358635512037993,37,north,NA,10.71755081209892,8.234249057596886,1.301582055282983,0.3718325978809011,0.8122782761703657,9.144,9.144,-24.384,381,9.144,NA,NA,NA
364,NA,HanaPalemoHanaBay,54,6/23/2023,refuge,n,NA,NA,NA,378,NA,145,y,80.1,1.17,-0.4,-0.4,NA,3.6,1.17,135,0,6-7,canon,100black,5,tan,n,basalt,"length is somehow shorter than width, definitely wrong",2.5,boulder,NA,NA,NA,NA,NA,NA,3.78,4.580869826862597,1.45,TRUE,FALSE,FALSE,FALSE,4.580869826862597,NA,NA,0.31653377083476175,0.8251707956933789,16.622516304806666,13.599709510390932,1.222269953053493,2.9808519758221497,1.1286841329039667,135,north,NA,10.244348696207659,8.410947671857556,1.2179779373119315,0.3141649855978499,0.829708942256538,35.6616,-12.192,-12.192,109.72800000000001,35.6616,NA,NA,NA
365,NA,HanaPalemoHanaBay,55,6/23/2023,exposed,n,NA,358,NA,280,NA,111,y,82.6,-1.7,-1.7,NA,NA,3.53,-1.7,290,290,8-9,canon,100black,10,grey,n,basalt,NA,0,boulder,NA,NA,NA,NA,NA,NA,2.8,3.58,1.11,FALSE,FALSE,FALSE,FALSE,NA,NA,NA,0.31005586592178774,0.7821229050279329,9.659367414320153,7.872831189896021,1.2269242387309116,2.8096684524805924,1.1140429565566476,0,north,NA,9.727478737035488,7.927926150229355,1.226989070370449,0.3100896691986935,0.7820606520242473,-51.816,-51.816,NA,107.5944,-51.816,NA,NA,NA
366,NA,HanaPalemoHanaBay,56,6/23/2023,exposed,n,NA,314,NA,257,NA,104,y,29.2,-2.4,-2.4,-2.7,NA,11.4,-2.4,239,350,10,canon,100black,10,grey,n,basalt,NA,0,boulder,NA,NA,NA,NA,NA,NA,2.57,3.14,1.04,FALSE,FALSE,FALSE,FALSE,NA,NA,NA,0.33121019108280253,0.8184713375796178,7.880487646800789,6.338006098984727,1.2433701583315215,2.9315552875775763,1.1948853401158765,111,north,NA,10.306697492954825,8.271849230008018,1.245996778515369,0.33259184277070564,0.8159873943930706,-73.152,-73.152,-82.296,347.47200000000004,-73.152,NA,NA,NA
366,NA,HanaPalemoHanaBay,57,6/23/2023,refuge,n,NA,368,NA,299,NA,129,y,147.2,-3.6,0,0,NA,3.5,-3.6,83,350,11-12,canon,100black,10,grey,n,basalt,NA,0,boulder,NA,NA,NA,NA,NA,NA,2.99,3.68,1.29,FALSE,FALSE,FALSE,FALSE,NA,NA,NA,0.35054347826086957,0.8125,10.988468907924867,8.641893071494803,1.2715349307167687,2.920609472328178,1.2584443583284879,93,north,NA,10.474428752785787,8.240963872387026,1.2710198606600407,0.3502832565677644,0.8129406678644213,-109.72800000000001,0,0,106.68,-109.72800000000001,NA,NA,NA
367,NA,HanaPalemoHanaBay,58,6/23/2023,exposed,n,NA,433,NA,355,NA,178,y,64.5,-1.9,-1.9,-2.7,NA,9,-1.9,35,16,13-14,canon,100black,50,tan,n,basalt,NA,2.5,boulder,NA,NA,NA,NA,NA,NA,3.55,4.33,1.78,FALSE,FALSE,FALSE,FALSE,NA,NA,NA,0.4110854503464203,0.8198614318706697,16.371622098673743,12.072747868663875,1.356080842305012,2.9579099366366157,1.4683871974344247,19,north,NA,11.275906171898129,8.346213061537965,1.351020647179633,0.4087200566443188,0.8233231118898398,-57.912,-57.912,-82.296,274.32,-57.912,NA,NA,NA
367,NA,HanaPalemoHanaBay,59,6/23/2023,refuge,n,NA,356,NA,289,NA,134,y,104.7,-0.1,-0.1,-1.65,NA,7.4,-0.1,108,16,15-16,canon,100black,5,greywhite,n,basalt,NA,2.5,boulder,NA,NA,NA,NA,NA,NA,2.89,3.56,1.34,FALSE,FALSE,FALSE,FALSE,NA,NA,NA,0.3764044943820225,0.8117977528089888,10.572066579327661,8.080490464298308,1.3083446637351754,2.915902518385184,1.3526704286176825,92,north,NA,10.76645221819174,8.22768245364182,1.3085643835739167,0.37651072903092647,0.8116305049281304,-3.048,-3.048,-50.291999999999994,225.55200000000002,-3.048,NA,NA,NA
368,NA,HanaPalemoHanaBay,60,6/23/2023,refuge,y,NA,334,NA,279,NA,123,y,19,-1.5,-0.6,-0.6,NA,6.2,-1.5,153,129,17-18,canon,100black,50,grey,n,basalt,NA,0,boulder,NA,NA,NA,NA,NA,NA,2.79,3.34,1.23,FALSE,FALSE,FALSE,FALSE,NA,NA,NA,0.36826347305389223,0.8353293413173654,9.426535442305685,7.318811325435461,1.2879872185726575,2.9961090389203537,1.3260265456999736,24,north,NA,10.902545981332489,8.45399790057944,1.289631971707164,0.36909450437684516,0.8339556884176454,-45.72,-18.288,-18.288,188.976,-45.72,NA,NA,NA
368,NA,HanaPalemoHanaBay,61,6/23/2023,exposed,n,NA,334,NA,228,NA,124,y,58.6,-2.85,-1.7,-1.7,NA,5,-2.85,169,129,19-20,canon,100black,75,grey,y,basalt,NA,0,boulder,NA,NA,NA,NA,NA,NA,2.28,3.34,1.24,FALSE,FALSE,FALSE,FALSE,NA,NA,NA,0.37125748502994016,0.6826347305389221,8.158067713231395,5.980964093904247,1.3640054655312235,2.448433193096203,1.3368072493235506,40,north,NA,9.437987408025199,6.908643445634812,1.3661129688185802,0.37209527270511217,0.6815121754810866,-86.86800000000001,-51.816,-51.816,152.4,-86.86800000000001,NA,NA,NA
368,NA,HanaPalemoHanaBay,62,6/23/2023,refuge,n,NA,301,NA,256,NA,134,y,82.2,-2.75,-0.9,-0.9,NA,5,-2.75,318,105,21-22,canon,100black,25,grey,y,basalt,NA,0,boulder,NA,NA,NA,NA,NA,NA,2.56,3.01,1.34,FALSE,FALSE,FALSE,FALSE,NA,NA,NA,0.4451827242524918,0.850498338870432,8.435642613595281,6.051964087875378,1.3938685840015823,3.0433620531101906,1.6081571671429258,147,north,NA,12.014869851212021,8.587329791230818,1.3991392136215994,0.44762450230840906,0.8471083872902787,-83.82000000000001,-27.432000000000002,-27.432000000000002,152.4,-83.82000000000001,NA,NA,NA
368,NA,HanaPalemoHanaBay,63,6/23/2023,exposed,n,NA,345,NA,278,NA,124,y,52.7,-1.9,-1.4,-1.4,NA,6,-1.9,169,105,23-24,canon,100black,75,tan,y,basalt,NA,0,boulder,NA,NA,NA,NA,NA,NA,2.78,3.45,1.24,FALSE,FALSE,FALSE,FALSE,NA,NA,NA,0.35942028985507246,0.8057971014492753,9.690070732379814,7.5327537851449256,1.2863915387078304,2.892299104137729,1.292888722568721,64,north,NA,10.505815219172414,8.161081668455978,1.287306713248471,0.3598707158754612,0.8050605832990977,-57.912,-42.672,-42.672,182.88,-57.912,NA,NA,NA
369,NA,HanaPalemoHanaBay,64,6/23/2023,exposed,n,NA,379,NA,301,NA,123,y,31,-1.43,-1.43,-1.62,NA,12.9,-1.43,313,79,25-26,canon,100black,10,tan,n,basalt,NA,0,boulder,NA,NA,NA,NA,NA,NA,3.01,3.79,1.23,FALSE,FALSE,FALSE,FALSE,NA,NA,NA,0.32453825857519786,0.7941952506596306,11.130972310337254,8.95974370822175,1.2423315524218752,2.8567097122687413,1.164025829696172,126,north,NA,10.00564549612108,8.060660542176896,1.241293494964485,0.3240022140482577,0.7951544098551692,-43.5864,-43.5864,-49.3776,393.192,-43.5864,NA,NA,NA
369,NA,HanaPalemoHanaBay,65,6/23/2023,refuge,n,NA,279,NA,223,NA,90,y,54,-3,-3,-4,NA,16.6,-3,123,79,27-28,canon,100black,95,tan,n,basalt,NA,2.5,boulder,NA,NA,NA,NA,NA,NA,2.23,2.79,0.9,FALSE,FALSE,FALSE,FALSE,NA,NA,NA,0.3225806451612903,0.7992831541218638,6.049716426298184,4.886511753209904,1.2380439732543735,2.855202015049278,1.1680123433399456,44,north,NA,10.01350437343311,8.05640633481579,1.2429244451288055,0.32511184513544183,0.794734748001662,-91.44,-91.44,-121.92,505.9680000000001,-91.44,NA,NA,NA
369,NA,HanaPalemoHanaBay,66,6/23/2023,refuge,n,NA,356,NA,NA,NA,112,y,70.7,-1,-1,-1.4,NA,7.5,-1,138,130,29-30,canon,100black,0,tan,n,basalt,NA,0,boulder,NA,NA,NA,NA,NA,NA,2.8589030694215913,3.56,1.12,FALSE,TRUE,FALSE,FALSE,NA,2.8589030694215913,NA,0.31460674157303375,0.8030626599498852,9.802823782339262,7.993542903395961,1.2263427995331895,2.884526871953478,1.130590208993884,8,north,NA,9.98274477631126,8.139151079910993,1.2265093347327847,0.3146955347124162,0.8028972116869302,-30.48,-30.48,-42.672,228.6,-30.48,NA,NA,NA
369,NA,HanaPalemoHanaBay,67,6/23/2023,exposed,n,NA,357,NA,289,NA,112,y,83.5,-3.5,-1.7,-1.7,NA,9.7,-3.5,18,130,31-32,canon,100black,50,tan,n,basalt,NA,0,boulder,NA,NA,NA,NA,NA,NA,2.89,3.57,1.12,FALSE,FALSE,FALSE,FALSE,NA,NA,NA,0.3137254901960785,0.8095238095238096,9.91219410045409,8.103188471220493,1.2232461500381624,2.907918821419315,1.1273255345417552,112,north,NA,10.037857525034728,8.205155183602061,1.22335986345454,0.31378682485078657,0.809408272888909,-106.68,-51.816,-51.816,295.656,-106.68,NA,NA,NA
648,NA,EastMaui1-RA,68,6/14/2024,NA,n,NA,300,NA,244,NA,111,y,76.7,-11,-0.2,-0.2,NA,10.2,-6,71,213,43-44,canon,100black,25,green,y,basalt,psi after ndio?,2.5,boulder,NA,NA,NA,NA,NA,sbb,2.44,3,1.11,FALSE,FALSE,FALSE,FALSE,NA,NA,NA,0.37000000000000005,0.8133333333333334,7.465541304306147,5.749114556069322,1.29855497424813,2.9101548837615705,1.336708124020311,142,south,NA,10.697862352987624,8.211464588934588,1.3027958943406512,0.37206768154957376,0.8100306724363743,-335.28000000000003,-6.096,-6.096,310.89599999999996,-182.88,NA,NA,NA
648,NA,EastMaui1-RA,69,6/14/2024,NA,n,NA,322,NA,255,NA,122,y,69.5,-13.5,-0.2,-0.2,NA,12.2,-7.6,190,207,45-46,canon,100black,25,tan,n,basalt,NA,0,boulder,NA,NA,NA,NA,NA,sbb,2.55,3.22,1.22,FALSE,FALSE,FALSE,FALSE,NA,NA,NA,0.37888198757763975,0.7919254658385092,8.513543060078035,6.448904319656448,1.3201534149186411,2.838085867693511,1.365805151844063,17,south,NA,10.593955472381948,8.008110404349987,1.3229032739892468,0.3801667298667234,0.7899705327258787,-411.48,-6.096,-6.096,371.856,-231.648,NA,NA,NA
648,NA,EastMaui1-RA,70,6/14/2024,NA,n,NA,302,NA,243,NA,122,y,27.7,-11.3,-0.9,-0.9,NA,12.1,-4.8,68,26,47-48,canon,100black,5,tan,n,basalt,NA,0,boulder,NA,NA,NA,NA,NA,sbb,2.43,3.02,1.22,FALSE,FALSE,FALSE,FALSE,NA,NA,NA,0.40397350993377484,0.804635761589404,7.7935074437672505,5.763722961908514,1.3521655178906489,2.879466256240096,1.459145325240105,42,south,NA,11.024687539296648,8.124871748264242,1.3569060387509388,0.40614761625981965,0.801488608326289,-344.42400000000004,-27.432000000000002,-27.432000000000002,368.808,-146.304,NA,NA,NA
649,NA,EastMaui1-RA,71,6/14/2024,NA,n,NA,378,NA,311,NA,178,y,43,-9.5,0,-1.1,NA,12.5,0,170,205,49-50,canon,100black,5,tan,n,basalt,magnetic reading?,80,boulder,NA,NA,NA,NA,NA,sbb,3.11,3.78,1.78,FALSE,FALSE,FALSE,FALSE,NA,NA,NA,0.47089947089947093,0.8227513227513228,13.367055960553758,9.232983729267723,1.4477504079403283,2.959249053975213,1.6891195457642296,35,south,NA,12.074575916954359,8.349991593968552,1.4460584518044528,0.4701600760548806,0.8236958501672105,-289.56,0,-33.528000000000006,381,0,NA,NA,NA
649,NA,EastMaui1-RA,72,6/14/2024,NA,n,NA,311,NA,255,NA,111,y,75.4,-14.5,-0.5,-0.5,NA,12.2,-7.2,302,206,51-52,canon,100black,50,tan,n,basalt,NA,0,boulder,NA,NA,NA,NA,NA,sbb,2.55,3.11,1.11,FALSE,FALSE,FALSE,FALSE,NA,NA,NA,0.3569131832797428,0.819935691318328,7.958373276918941,6.228600134823463,1.2777145915058015,2.936163961026479,1.2879945119739145,96,south,NA,10.611946029544551,8.284853334716944,1.2808852010784708,0.35850843075404804,0.8172702013232738,-441.96,-15.24,-15.24,371.856,-219.45600000000002,NA,NA,NA
650,NA,EastMaui1-RA,73,6/14/2024,NA,n,NA,344,NA,267,NA,133,y,22,-9.8,-1.5,-1.5,NA,18.3,2.5,64,188,53-54,canon,100black,10,tan,n,basalt,NA,10,boulder,NA,NA,NA,NA,NA,sbb,2.67,3.44,1.33,FALSE,FALSE,FALSE,FALSE,NA,NA,NA,0.3866279069767442,0.7761627906976745,9.658062122886736,7.213725051172883,1.3388453336347257,2.785748258335343,1.3908834040271156,124,south,NA,10.532930007692938,7.860431520208058,1.3399938642826752,0.38714716709111935,0.7754025559014595,-298.704,-45.72,-45.72,557.784,76.2,NA,NA,NA
651,NA,EastMaui1-RA,74,6/14/2024,NA,n,NA,300,NA,233,NA,78,y,25.1,-10.2,0.6,0.6,NA,15.3,-1,266,202,55-56,canon,100black,75,brown,n,basalt,NA,40,boulder,NA,NA,NA,NA,NA,sbb,2.33,3,0.78,FALSE,FALSE,FALSE,FALSE,NA,NA,NA,0.26,0.7766666666666667,6.399024886540776,5.489933162148164,1.1655924940326399,2.7789593767067458,0.939308411473732,64,south,NA,9.1593385792002,7.841275611564586,1.168092926830896,0.261452965413214,0.7735128962199804,-310.89599999999996,18.288,18.288,466.34400000000005,-30.48,NA,NA,NA
537,NA,EastMaui2-RAB,75,6/14/2024,NA,n,NA,354,NA,277,NA,133,y,28.8,-15.8,-1,-2,NA,7.5,-1,35,60,57-58,canon,100black,10,tan,n,basalt,crust in tidepool river,0,slope,NA,NA,NA,NA,NA,ba3,2.77,3.54,1.33,FALSE,FALSE,FALSE,FALSE,NA,NA,NA,0.37570621468926557,0.7824858757062146,10.162105330782879,7.701457310642699,1.3195042082152157,2.8102595969826973,1.350396203938557,25,south,NA,10.466063944714783,7.929594158407568,1.3198738467110394,0.3758777071404482,0.7822251948742581,-481.584,-30.48,-60.96,228.6,-30.48,NA,NA,NA
537,NA,EastMaui2-RAB,76,6/14/2024,NA,n,NA,411,NA,344,NA,166,y,41.3,-14.5,-1.5,-3,NA,8.4,-1.5,153,4,59-60,canon,100black,50,grey,n,basalt,crust in tidepool river,15,slope,NA,NA,NA,NA,NA,ba3,3.44,4.11,1.66,FALSE,FALSE,FALSE,FALSE,NA,NA,NA,0.4038929440389294,0.8369829683698297,14.85909986237405,11.104273393378483,1.338142473260302,3.0161294760989454,1.4450231023864786,149,south,NA,11.358675306913288,8.510488746432463,1.3346678017375635,0.40221674861485324,0.8395283018482004,-441.96,-45.72,-91.44,256.03200000000004,-45.72,NA,NA,NA
537,NA,EastMaui2-RAB,77,6/14/2024,NA,n,NA,388,NA,333,NA,211,y,56.6,-13,-1.4,-1.4,NA,8.3,-3.2,41,31,61-62,canon,100black,20,lightgrey,n,basalt,normal crust,2.5,slope,NA,NA,NA,NA,NA,ba3,3.33,3.88,2.11,FALSE,FALSE,FALSE,FALSE,NA,NA,NA,0.5438144329896907,0.8582474226804124,15.694829883036695,10.14765843036039,1.5466454641476632,3.088740211095037,1.9490921489636899,10,south,NA,13.453319431133115,8.715371477081575,1.5436312114188948,0.5425224729017787,0.8597392269859575,-396.24,-42.672,-42.672,252.98400000000004,-97.536,NA,NA,NA
537,NA,EastMaui2-RAB,78,6/14/2024,NA,n,NA,399,NA,322,NA,188,y,113.3,-15,-0.1,-0.1,NA,7.6,-4.7,30,20,63-64,canon,100black,20,tan,n,basalt,NA,2.5,slope,NA,NA,NA,NA,NA,ba3,3.22,3.99,1.88,FALSE,FALSE,FALSE,FALSE,NA,NA,NA,0.47117794486215536,0.8070175438596491,14.700674991095026,10.090638523697738,1.456862710577797,2.906202555674476,1.6872960321285624,10,south,NA,11.917532063713306,8.200312466993545,1.4533021896033427,0.4696525078890972,0.8089305567703862,-457.2,-3.048,-3.048,231.648,-143.256,NA,NA,NA
537,NA,EastMaui2-RAB,79,6/14/2024,NA,n,NA,344,NA,288,NA,144,y,80.1,-12.8,-1.2,-1.2,NA,8.5,-2.3,3,36,65-66,canon,100black,25,tan,n,basalt,NA,5,slope,NA,NA,NA,NA,NA,ba3,2.88,3.44,1.44,FALSE,FALSE,FALSE,FALSE,NA,NA,NA,0.41860465116279066,0.8372093023255813,10.580423598500051,7.7810966844111995,1.3597599448541846,3.004852053934752,1.5059188735331175,33,south,NA,11.539062256685828,8.478667707190715,1.3609522928820064,0.4191668576024149,0.8363892737813495,-390.144,-36.576,-36.576,259.08,-70.104,NA,NA,NA
538,NA,EastMaui2-RAB,80,6/14/2024,NA,n,NA,400,NA,355,NA,211,y,85.5,-13.8,-1,-1,NA,9.8,-14,61,35,67-68,canon,100black,35,lightgrey,n,basalt,crust in tidepool river,5,slope,NA,NA,NA,NA,NA,ba3,3.55,4,2.11,FALSE,FALSE,FALSE,FALSE,NA,NA,NA,0.5275,0.8875,16.772829393519572,11.152653920243765,1.5039316662623534,3.1962136519909223,1.8888400862060126,26,south,NA,13.528304798576338,9.018624874037137,1.5000407476223665,0.5257515377245434,0.8896540552597771,-420.624,-30.48,-30.48,298.704,-426.72,NA,NA,NA
538,NA,EastMaui2-RAB,81,6/14/2024,NA,n,NA,400,NA,322,NA,199,y,25.4,-10.3,-0.7,-0.7,NA,9.4,-3.5,28,26,69-70,canon,100black,60,tan,n,basalt,NA,2.5,slope,NA,NA,NA,NA,NA,ba3,3.22,4,1.99,FALSE,FALSE,FALSE,FALSE,NA,NA,NA,0.4975,0.805,15.190336744549525,10.115928344559135,1.5016255777177057,2.899100833636837,1.7814179012085145,2,south,NA,12.251358659328218,8.180273829408335,1.4976709722459667,0.4958509763373657,0.8069538191370375,-313.944,-21.336,-21.336,286.512,-106.68,NA,NA,NA
538,NA,EastMaui2-RAB,82,6/14/2024,NA,n,NA,387,NA,322,NA,155,y,1.6,-10.6,-2.2,-2.2,NA,10.2,-4.2,157,49,71-72,canon,100black,20,tan,n,basalt,NA,0,slope,NA,NA,NA,NA,NA,ba3,3.22,3.87,1.55,FALSE,FALSE,FALSE,FALSE,NA,NA,NA,0.4005167958656331,0.8320413436692506,13.068070751260999,9.787160673360964,1.3352259339963766,2.994252941462392,1.4356118047702053,108,south,NA,11.264845935051168,8.448760626565363,1.3333134210988549,0.3995971493010343,0.833439050667411,-323.08799999999997,-67.05600000000001,-67.05600000000001,310.89599999999996,-128.01600000000002,NA,NA,NA
695,NA,Honomanu,83,6/15/2024,NA,n,NA,425,NA,352,NA,130,n,84.8,-10,-0.6,-0.6,NA,8.8,-5,346,48,73-75,canon,50black,0,brown,n,basalt,3 pics (shadow),0,boulder,NA,9,0.8,24.3,3.7036292274459792,sbb,3.52,4.25,1.3,FALSE,FALSE,FALSE,FALSE,NA,NA,NA,0.3058823529411765,0.8282352941176471,14.193596141646537,11.749556524425826,1.2080112225631552,2.986863850488077,1.093234334469661,62,north,NA,10.157425160672151,8.42791113184652,1.205212656110044,0.3042976674617244,0.8313823249707768,-304.8,-18.288,-18.288,268.22400000000005,-152.4,274.32,24.384,112.88661885255345
695,NA,Honomanu,84,6/15/2024,NA,y,NA,330,NA,251,NA,102,n,97.9,-6.6,-0.2,-0.2,NA,12.2,-4.6,329,29,76-77,canon,100black,2.5,tanred,n,basalt,pred snail near,0,boulder,NA,6.4,1.6,25.2,2.724987466016465,sbb,2.51,3.3,1.02,FALSE,FALSE,FALSE,FALSE,NA,NA,NA,0.30909090909090914,0.7606060606060606,8.019827721473783,6.505452987421063,1.2327854396889677,2.7273543061619305,1.1133752290795456,60,north,NA,9.499515658156247,7.695663702125424,1.234398490611359,0.30990380976547255,0.7591488188205976,-201.16799999999998,-6.096,-6.096,371.856,-140.208,195.072,48.768,83.05761796418186
696,NA,Honomanu,85,6/15/2024,NA,n,NA,386,NA,311,NA,147,y,84.5,-3.8,-0.3,-0.3,NA,11.2,-2.7,317,28,78-79,canon,100black,0,tan,n,basalt,NA,0,boulder,NA,3.8,1.1,30.2,1.9114757971948928,sbb,3.11,3.86,1.47,FALSE,FALSE,FALSE,FALSE,NA,NA,NA,0.38082901554404147,0.805699481865285,12.419454179788048,9.428390792321007,1.3172400734495566,2.8992876203718354,1.3651521348586462,71,north,NA,10.761602858446638,8.180800877871865,1.315470577893608,0.37998496504356527,0.8070058105225809,-115.824,-9.144,-9.144,341.376,-82.296,115.824,33.528000000000006,58.261782298500336
696,NA,Honomanu,86,6/15/2024,NA,n,NA,356,NA,290,NA,113,y,107.9,-3,-0.6,-0.6,NA,7.8,-4,350,27,80-81,canon,100black,0,brown,n,basalt,NA,2.5,boulder,NA,6.7,1,27.4,3.0833385580518056,sbb,2.9,3.56,1.13,FALSE,FALSE,FALSE,FALSE,NA,NA,NA,0.3174157303370786,0.8146067415730337,9.945008275866908,8.108450638915256,1.2264992066594544,2.9259921464764824,1.1406847644313292,37,north,NA,10.127535421150025,8.256151943100788,1.2266653388826074,0.3175053162723484,0.8144389149797848,-91.44,-18.288,-18.288,237.744,-121.92,204.216,30.48,93.98015924941903
697,NA,Honomanu,87,6/15/2024,NA,n,NA,340,NA,257,NA,120,y,89.5,-1.3,-0.1,-0.1,NA,12.3,-0.9,43,55,82-83,canon,100black,10,brown,n,basalt,NA,2.5,boulder,NA,4.6,1,27.5,2.1240436208811557,sbb,2.57,3.4,1.2,FALSE,FALSE,FALSE,FALSE,NA,NA,NA,0.35294117647058826,0.7558823529411764,8.902037316418088,6.862809151766902,1.297141902033829,2.712243072379994,1.2701554478540016,12,north,NA,9.937041536469588,7.653024953999725,1.2984462478821737,0.35354299431445524,0.7549426637014915,-39.624,-3.048,-3.048,374.90400000000005,-27.432000000000002,140.208,30.48,64.74084956445763
697,NA,Honomanu,88,6/15/2024,NA,n,NA,341,NA,265,NA,117,n,54.4,-2.6,-0.3,-0.3,NA,8.3,-0.5,18,66,84-85,canon,100black,2.5,red,y,basalt,NA,90,boulder,NA,4.6,1,23.9,1.8636512991873675,sbb,2.65,3.41,1.17,FALSE,FALSE,FALSE,FALSE,NA,NA,NA,0.34310850439882695,0.7771260997067448,9.042997005129228,7.097250503541041,1.274154970381473,2.7886543337552494,1.234657792132504,48,north,NA,10.034843646397682,7.868631473941274,1.2752971948972704,0.3436623552823385,0.7762114510704667,-79.248,-9.144,-9.144,252.98400000000004,-15.24,140.208,30.48,56.804091599230965
697,NA,Honomanu,89,6/15/2024,NA,n,NA,411,NA,349,NA,160,n,25.4,-3,-0.5,-0.5,NA,7.4,-2.7,312,61,86-87,canon,100black,2.5,brownred,n,basalt,NA,0,boulder,NA,4.8,0.4,22.3,1.8213895657392243,sbb,3.49,4.11,1.6,FALSE,FALSE,FALSE,FALSE,NA,NA,NA,0.389294403892944,0.8491484184914841,14.785352758262508,11.26567271595666,1.3124251991912197,3.059968567321314,1.3927933516978108,109,north,NA,11.303855102618527,8.634187710770146,1.3091972842469342,0.3876787938456417,0.851730748095994,-91.44,-15.24,-15.24,225.55200000000002,-82.296,146.304,12.192,55.515953963731555
697,NA,Honomanu,90,6/15/2024,NA,n,NA,340,NA,280,NA,103,y,78.5,-1.4,-1.4,-2.4,NA,13.7,-1.4,88,55,88-89,canon,100black,10,tan,n,basalt,NA,25,boulder,NA,1.4,0,78.5,1.3718945864691614,sbb,2.8,3.4,1.03,FALSE,FALSE,FALSE,FALSE,NA,NA,NA,0.30294117647058827,0.8235294117647058,9.01444782739176,7.476990515543707,1.2056251520784833,2.9549729971455188,1.090216759408018,33,north,NA,10.060062876916152,8.337926019921879,1.2065425925919175,0.3034577367865741,0.8225056258226366,-42.672,-42.672,-73.152,417.57599999999996,-42.672,42.672,0,41.81534699558004
697,NA,Honomanu,91,6/15/2024,NA,n,NA,383,NA,309,NA,145,y,92.3,-2,-0.3,-0.3,NA,6.9,-1.4,302,56,90-91,canon,100black,0.5,brown,n,basalt,NA,0,boulder,NA,1.9,0,90,1.9,sbb,3.09,3.83,1.45,FALSE,FALSE,FALSE,FALSE,NA,NA,NA,0.3785900783289817,0.8067885117493472,12.209155728590252,9.29495164435978,1.3135254701404309,2.9026952484045254,1.357453613250926,114,north,NA,10.7455376158606,8.19041604202647,1.311964808713422,0.37784211049329236,0.807954310975988,-60.96,-9.144,-9.144,210.312,-42.672,57.912,0,57.912
698,NA,Honomanu,92,6/15/2024,NA,n,NA,326,NA,271,NA,106,y,78.7,-0.4,0,-0.4,NA,13.1,0,334,51,92-93,canon,100black,0,brown,n,basalt,NA,100,boulder,NA,0.4,0,90,0.4,sbb,2.71,3.26,1.06,FALSE,FALSE,FALSE,FALSE,NA,NA,NA,0.32515337423312884,0.8312883435582823,8.545285547875919,6.938678614351096,1.231543644376599,2.979983978554592,1.1716753945330298,77,north,NA,10.370588137313733,8.408498479594419,1.2333460203960167,0.3261314416653927,0.8294673384799706,-12.192,0,-12.192,399.288,0,12.192,0,12.192
698,NA,Honomanu,93,6/15/2024,NA,n,NA,328,NA,264,NA,94,y,79.3,-2.2,0,-0.2,NA,8.7,0,303,49,94-95,canon,100black,0.5,brown,n,basalt,NA,95,boulder,NA,2.4,0,31.5,1.253996555318277,sbb,2.64,3.28,0.94,FALSE,FALSE,FALSE,FALSE,NA,NA,NA,0.2865853658536585,0.8048780487804879,8.096000381310075,6.800919776491185,1.1904272726897338,2.8857072715284957,1.0325021008004032,106,north,NA,9.704604315880767,8.142481764942616,1.191848455548756,0.2873930785162439,0.8032257714714387,-67.05600000000001,0,-6.096,265.176,0,73.152,0,38.22181500610108
698,NA,Honomanu,94,6/15/2024,NA,n,NA,320,NA,234,NA,101,y,79.6,-0.9,-0.4,-0.4,NA,10.7,-0.8,71,41,96,canon,100black,5,brown,y,basalt,NA,50,boulder,NA,0.9,NA,90,0.9,sbb,2.34,3.2,1.01,FALSE,FALSE,FALSE,FALSE,NA,NA,NA,0.315625,0.73125,7.36763633965643,5.881061447520093,1.2527732290168796,2.6202699035165655,1.1379936226482879,30,north,NA,9.28005366696789,7.393508038433377,1.2551624504535273,0.31675624707321326,0.7293422778813906,-27.432000000000002,-12.192,-12.192,326.13599999999997,-24.384,27.432000000000002,NA,27.432000000000002
698,NA,Honomanu,95,6/15/2024,NA,n,NA,363,NA,301,NA,111,y,81.1,-1.3,0,-0.6,NA,8.5,0,302,57,97-98,canon,75black,0,tan,n,basalt,NA,10,boulder,NA,1.3,0,90,1.3,sbb,3.01,3.63,1.11,FALSE,FALSE,FALSE,FALSE,NA,NA,NA,0.3057851239669422,0.8292011019283746,10.363284593183788,8.581495952729538,1.2076314724459565,2.979723016465863,1.0982270485510772,115,north,NA,10.15202355108531,8.407762133579775,1.207458463951915,0.3056873706583545,0.829394700663546,-39.624,0,-18.288,259.08,0,39.624,0,39.624
698,NA,Honomanu,96,6/15/2024,NA,n,NA,317,NA,248,NA,104,y,124.8,-2.2,0,0,NA,11.1,0,257,63,99-100,canon,100black,0,brown,n,basalt,NA,95,boulder,NA,1.3,0,90,1.3,sbb,2.48,3.17,1.04,FALSE,FALSE,FALSE,FALSE,NA,NA,NA,0.3280757097791798,0.7823343848580442,7.72550566591321,6.174486201365379,1.251198142479426,2.8027233986693165,1.1832294298074073,166,north,NA,9.914938186604175,7.908329576948066,1.2537335590445242,0.3293474639516568,0.7801275224027809,-67.05600000000001,0,0,338.328,0,39.624,0,39.624
698,NA,Honomanu,97,6/15/2024,NA,n,NA,334,NA,266,NA,107,y,130.6,-3.7,0,0,NA,8.3,-0.2,293,60,101-102,canon,100black,0,tan,n,basalt,NA,5,boulder,NA,4.9,0.7,30.9,2.5163521350850333,sbb,2.66,3.34,1.07,FALSE,FALSE,FALSE,FALSE,NA,NA,NA,0.3203592814371258,0.7964071856287426,8.624653491363262,6.9777914428882895,1.2360147995184696,2.8565053919455705,1.1535352877227414,127,north,NA,9.973569346058234,8.060084019907281,1.2374026525560915,0.32108221112457264,0.7950975380612677,-112.77600000000001,0,0,252.98400000000004,-6.096,149.352,21.336,76.69841307739182
771,NA,MaaleaLighthouse,98,6/16/2024,NA,n,NA,308,NA,264,NA,104,y,26.4,-8.3,-1,-1,NA,4.4,-4.3,8,190,103-104,canon,100black,20,tan,n,basalt,NA,0,cliff,NA,6.7,0,90,6.7,ba4,2.64,3.08,1.04,FALSE,FALSE,FALSE,FALSE,NA,NA,NA,0.33766233766233766,0.8571428571428572,7.919586232624713,6.386229546217333,1.2401035971711372,3.0687302119562303,1.2188890512662454,178,south,NA,10.763390188659505,8.658910083816988,1.2430421478536509,0.3392731855379227,0.8541695189445394,-252.98400000000004,-30.48,-30.48,134.11200000000002,-131.064,204.216,0,204.216
771,NA,MaaleaLighthouse,99,6/16/2024,NA,n,NA,311,NA,254,NA,110,y,29.7,-8.2,-1,-1,NA,5.7,-3.3,58,192,105-106,canon,100black,10,tan,n,basalt,NA,10,cliff,NA,6.7,0,90,6.7,ba4,2.54,3.11,1.1,FALSE,FALSE,FALSE,FALSE,NA,NA,NA,0.3536977491961415,0.8167202572347267,7.906620195393013,6.204174251941803,1.274403308855868,2.9246495925518654,1.2763909578119874,134,south,NA,10.542745243743768,8.252363713796484,1.2775424847208532,0.35527862507157915,0.8140652201416139,-249.93599999999998,-30.48,-30.48,173.73600000000002,-100.58399999999999,204.216,0,204.216
772,NA,MaaleaLighthouse,100,6/16/2024,NA,n,NA,309,NA,244,NA,102,y,76.4,-8.8,-4.4,-4.4,NA,3.8,-4.9,190,192,107-108,canon,100black,20,tan,n,basalt,NA,15,cliff,NA,6.9,0,90,6.9,ba4,2.44,3.09,1.02,FALSE,FALSE,FALSE,FALSE,NA,NA,NA,0.3300970873786408,0.7896440129449839,7.410385136560461,5.921587992751401,1.2514185629988936,2.827278686381438,1.1914607180693175,2,south,NA,10.007690782079505,7.977616224419749,1.2544713233316025,0.33163861209741957,0.7869623944325502,-268.22400000000005,-134.11200000000002,-134.11200000000002,115.824,-149.352,210.312,0,210.312
772,NA,MaaleaLighthouse,101,6/16/2024,NA,n,NA,306,NA,249,NA,114,y,71.2,-5.7,-1.2,-1.2,NA,7.2,-2,191,192,109-110,canon,100black,25,tan,n,basalt,NA,50,cliff,NA,4.8,0,90,4.8,ba4,2.49,3.06,1.14,FALSE,FALSE,FALSE,FALSE,NA,NA,NA,0.3725490196078431,0.8137254901960785,7.791787520395813,5.984262766190518,1.3020463547184669,2.9128596613300344,1.3450933876433113,1,south,NA,10.732970454663663,8.219096548782606,1.305857692626011,0.3744016881582927,0.8107835371051241,-173.73600000000002,-36.576,-36.576,219.45600000000002,-60.96,146.304,0,146.304
772,NA,MaaleaLighthouse,102,6/16/2024,NA,n,NA,300,NA,248,NA,96,y,89.7,-7.3,-2,-2,NA,6.2,-4,175,170,111-112,canon,100black,95,tan,n,basalt,NA,0,cliff,NA,5.6,0,90,5.6,ba4,2.48,3,0.96,FALSE,FALSE,FALSE,FALSE,NA,NA,NA,0.32,0.8266666666666667,7.165542401298038,5.843362335677016,1.226270422689411,2.957862340872416,1.156071891044593,5,south,NA,10.262001860578032,8.346078762523678,1.2295596713821353,0.32178826512395564,0.8233098637877904,-222.504,-60.96,-60.96,188.976,-121.92,170.688,0,170.688
773,NA,MaaleaLighthouse,103,6/16/2024,NA,n,NA,329,NA,266,NA,110,y,52.6,-9.5,-3.6,-3.6,NA,5.4,-5.6,306,231,113-114,canon,100black,85,grey,n,basalt,NA,5,cliff,NA,7.2,0,90,7.2,ba4,2.66,3.29,1.1,FALSE,FALSE,FALSE,FALSE,NA,NA,NA,0.33434650455927056,0.8085106382978724,8.597092894854717,6.8733334871564296,1.2507894329468108,2.898930266273021,1.2044613088637042,75,south,NA,10.245637931054736,8.17979254647875,1.2525547405802235,0.33525727767498337,0.8069063423524928,-289.56,-109.72800000000001,-109.72800000000001,164.592,-170.688,219.45600000000002,0,219.45600000000002
773,NA,MaaleaLighthouse,104,6/16/2024,NA,n,NA,371,NA,313,NA,123,y,5.2,-5.2,-0.8,2.1,NA,6.1,-0.8,262,201,115-116,canon,100black,5,tan,n,basalt,NA,20,cliff,NA,3.6,0,90,3.6,ba4,3.13,3.71,1.23,FALSE,FALSE,FALSE,FALSE,NA,NA,NA,0.33153638814016173,0.84366576819407,11.273923420253626,9.120279092820189,1.236137984979962,3.0331936123455625,1.1899105879952134,61,south,NA,10.57450484079304,8.558637919286362,1.235535950990992,0.331207139218331,0.8442780400272648,-158.496,-24.384,64.00800000000001,185.928,-24.384,109.72800000000001,0,109.72800000000001
774,NA,MaaleaLighthouse,105,6/16/2024,NA,n,NA,318,NA,248,NA,98,y,79.8,-5.6,0.8,0.8,NA,6.2,-2,215,199,117-118,canon,100black,5,tan,n,basalt,NA,0,cliff,NA,4.2,0,90,4.2,ba4,2.48,3.18,0.98,FALSE,FALSE,FALSE,FALSE,NA,NA,NA,0.3081761006289308,0.7798742138364779,7.588560137471437,6.193964075817637,1.2251540442571434,2.794108422792279,1.111351802360296,16,south,NA,9.676790132587042,7.8840210531153465,1.2273927311195203,0.3093405965443601,0.7777295762516538,-170.688,24.384,24.384,188.976,-60.96,128.01600000000002,0,128.01600000000002
774,NA,MaaleaLighthouse,106,6/16/2024,NA,n,NA,300,NA,242,NA,NA,y,70.3,-5,-0.8,3.8,NA,8.1,-0.8,320,196,119-120,canon,100black,5,tan,n,basalt,NA,95,cliff,NA,3.8,0,90,3.8,ba4,2.42,3,1.0003895652522918,FALSE,FALSE,TRUE,FALSE,NA,NA,1.0003895652522918,0.3334631884174306,0.8066666666666666,7.128692584343526,5.701990666265474,1.2502111984361546,2.886301155206148,1.2047106838359327,124,south,NA,10.211426570438768,8.144157502140041,1.2538346130653182,0.3353266902610867,0.8033910767606663,-152.4,-24.384,115.824,246.888,-24.384,115.824,0,115.824
774,NA,MaaleaLighthouse,107,6/16/2024,NA,n,NA,351,NA,299,NA,128,y,62.6,-5.5,-0.8,-0.9,NA,7,-0.8,206,208,121-122,canon,100black,5,tan,n,basalt,NA,2.5,cliff,NA,3.5,0,90,3.5,ba4,2.99,3.51,1.28,FALSE,FALSE,FALSE,FALSE,NA,NA,NA,0.3646723646723647,0.851851851851852,10.529111350757809,8.242675185039879,1.277390060191589,3.0587964761271293,1.3110822532378976,2,south,NA,11.029354657517281,8.630880469155702,1.2778944971991026,0.3649348167465791,0.8514045009180586,-167.64000000000001,-24.384,-27.432000000000002,213.36,-24.384,106.68,0,106.68
774,NA,MaaleaLighthouse,108,6/16/2024,NA,n,NA,368,NA,NA,NA,145,y,29.3,-6,0.2,0.2,NA,6.9,-0.7,212,215,123-124,canon,100black,25,tan,n,basalt,NA,5,cliff,NA,3.8,0,90,3.8,ba4,3.010020741009353,3.68,1.45,FALSE,TRUE,FALSE,FALSE,NA,3.010020741009353,NA,0.39402173913043476,0.8179404187525415,11.583943622704654,8.699758323339259,1.3315247610531724,2.940165581303076,1.4145304802917111,3,south,NA,11.041418976567368,8.29614454240592,1.3309096677533665,0.3937292418784948,0.8183840372849175,-182.88,6.096,6.096,210.312,-21.336,115.824,0,115.824
793,NA,LaPerouseBayBench,109,6/18/2024,NA,n,NA,338,NA,270,NA,125,y,59.3,-1.7,-1.2,-1.3,NA,10.6,-1.2,194,206,125(1),canon,95black,10,tan,n,basalt,NA,5,bench,NA,1.2,0,90,1.2,NA,2.7,3.38,1.25,FALSE,FALSE,FALSE,FALSE,NA,NA,NA,0.3698224852071006,0.7988165680473374,9.346533237649858,7.167543639165113,1.3040078593422497,2.8659171814467723,1.3311502034854505,12,south,papa,10.556831343694249,8.086640880038289,1.3054655821001742,0.37052065526127476,0.7977172742894075,-51.816,-36.576,-39.624,323.08799999999997,-36.576,36.576,0,36.576
793,NA,LaPerouseBayBench,110,6/18/2024,NA,y,NA,328,NA,272,NA,112,y,59.6,-1,-0.4,-0.4,NA,11,-0.6,124,209,126(2),canon,100black,0,tan,n,basalt,NA,0,bench,NA,1,0,90,1,NA,2.72,3.28,1.12,FALSE,FALSE,FALSE,FALSE,NA,NA,NA,0.34146341463414637,0.8292682926829269,8.78367643168529,7.007008254566675,1.2535558847045325,2.9731529464232986,1.2302152690387784,85,south,papa,10.53175349337053,8.389223636607545,1.2553907190426725,0.342425795678929,0.8275659463645126,-30.48,-12.192,-12.192,335.28000000000003,-18.288,30.48,0,30.48
793,NA,LaPerouseBayBench,111,6/18/2024,NA,n,NA,317,NA,282,NA,156,n,99,-2.2,-0.4,-0.4,NA,10,-1.5,43,210,127(3),canon,87.5black,10,tan,n,basalt,barnacle on shell,0,bench,NA,1.1,0,90,1.1,NA,2.82,3.17,1.56,FALSE,FALSE,FALSE,FALSE,NA,NA,NA,0.49211356466876977,0.889589905362776,10.163278335697528,7.020988341875149,1.4475566459896934,3.186967735583658,1.774844144711111,167,south,papa,13.054262823497247,8.992536051207074,1.4516775633882464,0.4940211959274852,0.8870804891838073,-67.05600000000001,-12.192,-12.192,304.8,-45.72,33.528000000000006,0,33.528000000000006
793,NA,LaPerouseBayBench,112,6/18/2024,NA,n,NA,347,NA,280,NA,105,y,62.7,-0.7,-0.4,-0.5,NA,9.7,-0.4,132,204,128-129,canon,100black,5,tan,n,basalt,NA,0,bench,NA,0.7,0,90,0.7,NA,2.8,3.47,1.05,FALSE,FALSE,FALSE,FALSE,NA,NA,NA,0.3025936599423631,0.8069164265129682,9.231699221836243,7.630928555569608,1.2097740339998695,2.896694660966321,1.0882803308937108,72,south,papa,9.892900112053372,8.173484430744692,1.2103650769604541,0.30291873918877554,0.8062840700191565,-21.336,-12.192,-15.24,295.656,-12.192,21.336,0,21.336
794,NA,LaPerouseBayBench,113,6/18/2024,NA,n,NA,300,NA,248,NA,95,y,60.2,-0.5,-0.1,-0.1,NA,13.1,-0.1,113,213,130-131,canon,100black,5,tan,n,basalt,NA,0,bench,NA,0.5,0,90,0.5,NA,2.48,3,0.95,FALSE,FALSE,FALSE,FALSE,NA,NA,NA,0.31666666666666665,0.8266666666666667,7.140649573298853,5.843362335677016,1.222010404814565,2.957862340872416,1.1440294755128786,100,south,papa,10.225974934556382,8.346078762523678,1.2252430423343217,0.3184363040289145,0.8233098637877904,-15.24,-3.048,-3.048,399.288,-3.048,15.24,0,15.24
794,NA,LaPerouseBayBench,114,6/18/2024,NA,n,NA,348,NA,285,NA,105,y,48.7,-0.6,-0.4,-0.4,NA,13.3,-0.4,139,211,132-133,canon,100black,10,tan,n,basalt,50% light 50% dark,0,bench,NA,0.6,0,90,0.6,NA,2.85,3.48,1.05,FALSE,FALSE,FALSE,FALSE,NA,NA,NA,0.3017241379310345,0.8189655172413793,9.389126022521141,7.7895789845758925,1.2053444789651024,2.9401398339405,1.085056561813954,72,south,papa,10.00401963483308,8.296071892129731,1.2058742697641802,0.30202141518377973,0.8183768706033305,-18.288,-12.192,-12.192,405.384,-12.192,18.288,0,18.288
794,NA,LaPerouseBayBench,115,6/18/2024,NA,n,NA,351,NA,294,NA,154,y,19,-0.7,-0.5,-0.7,NA,13.9,-0.5,319,210,134-135,canon,100black,5,tan,n,basalt,NA,0,bench,NA,0.7,0,90,0.7,NA,2.94,3.51,1.54,FALSE,FALSE,FALSE,FALSE,NA,NA,NA,0.43874643874643876,0.8376068376068376,11.265473112651218,8.104837807363626,1.38996897660506,3.007646033382528,1.5773958359268454,109,south,papa,11.801862064292221,8.486551364320322,1.3906546437591047,0.439062201398228,0.8371669674578903,-21.336,-15.24,-21.336,423.672,-15.24,21.336,0,21.336
794,NA,LaPerouseBayBench,116,6/18/2024,NA,n,NA,304,NA,255,NA,131,y,49.1,-1.2,-0.4,-0.4,NA,12.8,-0.4,270,212,136-137,canon,87.5black,5,tan,n,basalt,NA,0,bench,NA,1,0,90,1,NA,2.55,3.04,1.31,FALSE,FALSE,FALSE,FALSE,NA,NA,NA,0.430921052631579,0.8388157894736842,8.38698862883046,6.088406562657019,1.3775342599936897,3.002230002448867,1.5561618283397132,58,south,papa,11.710174777271739,8.471269172134436,1.382340064909214,0.43315179520634467,0.835659435606713,-36.576,-12.192,-12.192,390.144,-12.192,30.48,0,30.48
794,NA,LaPerouseBayBench,117,6/18/2024,NA,n,NA,389,NA,320,NA,170,y,15.4,-1.3,0,0,NA,15.8,-0.3,337,144,138-139,canon,100black,5,tan,n,basalt,NA,0,bench,NA,1,0,90,1,NA,3.2,3.89,1.7,FALSE,FALSE,FALSE,FALSE,NA,NA,NA,0.4370179948586118,0.8226221079691517,13.632292210290268,9.776636337971436,1.3943744800390976,2.960700533450448,1.5661970673623185,167,south,papa,11.62895792828987,8.35408717402821,1.3920082093999226,0.4359450662651804,0.8240998640229378,-39.624,0,0,481.584,-9.144,30.48,0,30.48
794,NA,LaPerouseBayCliff,118,6/18/2024,NA,n,NA,320,NA,272,NA,127,y,67.2,-1.4,-0.2,-0.9,NA,18.8,-0.2,124,212,140-141,canon,100black,5,tan,n,basalt,NA,0,cliff,NA,1.1,0,90,1.1,NA,2.72,3.2,1.27,FALSE,FALSE,FALSE,FALSE,NA,NA,NA,0.396875,0.85,9.043283197252793,6.836105614211391,1.3228706090281814,3.0457838194722475,1.4309424760032927,88,south,cliff,11.393765123282602,8.594163189973843,1.3257561988786577,0.3982974591910702,0.8477824768535823,-42.672,-6.096,-27.432000000000002,573.024,-6.096,33.528000000000006,0,33.528000000000006
795,NA,LaPerouseBayCliff,119,6/18/2024,NA,n,NA,485,NA,320,NA,122,y,104.5,-0.9,-0.5,-0.5,NA,1.7,-0.5,296,254,142-143,canon,100black,10,tan,n,basalt,NA,0,cliff,NA,0.9,0,90,0.9,NA,3.2,4.85,1.22,FALSE,FALSE,FALSE,FALSE,NA,NA,NA,0.2515463917525773,0.6597938144329898,14.499066801804524,12.189379495928396,1.1894835833643238,2.3865162992243873,0.895373071530653,42,south,cliff,7.9777643922252715,6.73393508756005,1.184710616970902,0.24922372869581572,0.6642778408214377,-27.432000000000002,-15.24,-15.24,51.816,-15.24,27.432000000000002,0,27.432000000000002
795,NA,LaPerouseBayCliff,120,6/18/2024,NA,n,NA,372,NA,303,NA,137,y,95.6,-2.5,-1.2,-2.2,NA,0.3,-1.2,233,254,144-145,canon,100black,25,tan,n,basalt,NA,0,cliff,NA,2,0,90,2,NA,3.03,3.72,1.37,FALSE,FALSE,FALSE,FALSE,NA,NA,NA,0.3682795698924731,0.814516129032258,11.470028941288119,8.852693938550678,1.2956540710551143,2.928571143827785,1.321674822986908,21,south,cliff,10.699888845534318,8.263428994072662,1.2948485251351858,0.36788321871806784,0.8151567691979037,-76.2,-36.576,-67.05600000000001,9.144,-36.576,60.96,0,60.96
795,NA,LaPerouseBayCliff,121,6/18/2024,NA,n,NA,420,NA,351,NA,160,y,114.1,-1.1,0,-1,NA,1.4,0,314,260,146-147,canon,100black,20,tan,n,basalt,NA,0,cliff,NA,1.1,0,90,1.1,NA,3.51,4.2,1.6,FALSE,FALSE,FALSE,FALSE,NA,NA,NA,0.38095238095238093,0.8357142857142856,15.117065207966904,11.578339724805183,1.3056332399351207,3.0130304171715574,1.3620354481420023,54,south,cliff,11.068837434962575,8.501744259057148,1.3019489998385485,0.3791174470118125,0.8386656904453229,-33.528000000000006,0,-30.48,42.672,0,33.528000000000006,0,33.528000000000006
795,NA,LaPerouseBayCliff,122,6/18/2024,NA,n,NA,384,NA,298,NA,130,y,61.6,-1.5,-0.2,-1.3,NA,0.8,-0.2,310,244,148-149,canon,100black,50,tan,n,basalt,NA,0,cliff,NA,1.3,0,90,1.3,NA,2.98,3.84,1.3,FALSE,FALSE,FALSE,FALSE,NA,NA,NA,0.3385416666666667,0.7760416666666667,11.396916096479492,8.98746826338968,1.2680897180916524,2.792237375432547,1.2137601954207775,66,south,cliff,9.979744461700053,7.87874159557706,1.2666673149050156,0.3378455877930344,0.7772087772524593,-45.72,-6.096,-39.624,24.384,-6.096,39.624,0,39.624
796,NA,LaPerouseBayCliff,123,6/18/2024,NA,n,NA,430,NA,357,NA,130,y,93.9,-1.7,-0.5,-1.5,NA,2,-0.5,213,240,150-151,canon,100black,15,tan,n,basalt,NA,0,cliff,NA,0.7,0,90,0.7,NA,3.57,4.3,1.3,FALSE,FALSE,FALSE,FALSE,NA,NA,NA,0.3023255813953489,0.8302325581395349,14.505199286045945,12.056647206314226,1.2030873125697317,2.9948570695416343,1.080131714228255,27,south,cliff,10.141928406748013,8.450465269970277,1.2001621310472157,0.300650602371118,0.833607207447312,-51.816,-15.24,-45.72,60.96,-15.24,21.336,0,21.336
608,NA,KahuluiBreakwaterBasaltOutside,124,6/13/2024,NA,n,NA,300,NA,233,NA,78,y,62,-2.4,-1.2,-1.7,NA,4.8,-1.2,281,333,1-2,canon,100black,15,lightgrey,n,basalt,in a crevice,0,boulder,NA,NA,NA,NA,NA,NA,2.33,3,0.78,FALSE,FALSE,FALSE,FALSE,NA,NA,NA,0.26,0.7766666666666667,6.399024886540776,5.489933162148164,1.1655924940326399,2.7789593767067458,0.939308411473732,52,north,NA,9.1593385792002,7.841275611564586,1.168092926830896,0.261452965413214,0.7735128962199804,-73.152,-36.576,-51.816,146.304,-36.576,NA,NA,NA
608,NA,KahuluiBreakwaterBasaltOutside,125,6/13/2024,NA,n,NA,300,NA,234,NA,99,y,58.5,-2.8,-0.6,-1.9,NA,3.7,-0.6,270,337,3-4,canon,100black,0,tan,n,basalt,in same crevice as above,50,boulder,NA,NA,NA,NA,NA,NA,2.34,3,0.99,FALSE,FALSE,FALSE,FALSE,NA,NA,NA,0.33,0.7799999999999999,6.917682562541485,5.513495107050087,1.2546819083408396,2.790886240984457,1.1921991376397367,67,north,NA,9.909731466783,7.874929154961858,1.258389919678077,0.33184414840907933,0.7768326940578344,-85.344,-18.288,-57.912,112.77600000000001,-18.288,NA,NA,NA
613,NA,KahuluiBreakwaterBasaltOutside,126,6/13/2024,NA,n,NA,334,NA,267,NA,100,y,82.2,-2.8,-0.7,-0.7,NA,13.3,-0.7,186,330,5-6,canon,100black,5,tan,n,basalt,NA,95,boulder,NA,NA,NA,NA,NA,NA,2.67,3.34,1,FALSE,FALSE,FALSE,FALSE,NA,NA,NA,0.29940119760479045,0.7994011976047904,8.459954407405696,7.0040237415457645,1.2078706068946896,2.8672441340205537,1.0780703623577021,144,north,NA,9.782128143198666,8.090385087651292,1.2091053809205639,0.3000768328267034,0.7980866265502198,-85.344,-21.336,-21.336,405.384,-21.336,NA,NA,NA
613,NA,KahuluiBreakwaterBasaltOutside,127,6/13/2024,NA,n,NA,300,NA,223,NA,99,n,45.1,-6,0,0.3,NA,3.8,0,222,325,7-8,canon,100black,2.5,tan,n,basalt,NA,10,boulder,NA,NA,NA,NA,NA,NA,2.23,3,0.99,FALSE,FALSE,FALSE,FALSE,NA,NA,NA,0.33,0.7433333333333333,6.666061960656113,5.254313713128929,1.2686836615788004,2.659690733929632,1.1921991376397367,103,north,NA,9.550630876052221,7.504740177591856,1.2726131285089815,0.33184414840907933,0.7403149178414404,-182.88,0,9.144,115.824,0,NA,NA,NA
614,NA,KahuluiBreakwaterBasaltOutside,128,6/13/2024,NA,n,NA,322,NA,256,NA,NA,n,75.5,-7.5,0,-1,NA,6,0,273,323,9-10,canon,100black,5,white,n,basalt,height measure doesn’t seem right,50,boulder,NA,NA,NA,NA,NA,NA,2.56,3.22,1.05923719532368,FALSE,FALSE,TRUE,FALSE,NA,NA,1.05923719532368,0.32895565072163974,0.7950310559006211,8.079917438593919,6.474194140517847,1.2480190218620222,2.84921561619427,1.1858291954081464,50,north,NA,10.051027695157384,8.03951475887685,1.2502032767661153,0.3300710989339371,0.7930684563836273,-228.6,0,-30.48,182.88,0,NA,NA,NA
616,NA,KahuluiBreakwaterBasaltOutside,129,6/13/2024,NA,n,NA,334,NA,299,NA,101,n,153,-10,0,0,NA,4,0,165,336,11-12,canon,100black,0,tan,n,basalt,NA,5,boulder,NA,NA,NA,NA,NA,NA,2.99,3.34,1.01,FALSE,FALSE,FALSE,FALSE,NA,NA,NA,0.3023952095808383,0.8952095808383235,9.316599318563572,7.843457298584957,1.18781794352911,3.2108838804200213,1.0888510659812791,171,north,NA,10.771586719055998,9.060019255459688,1.1889143295766063,0.3030776011549704,0.8937374581966883,-304.8,0,0,121.92,0,NA,NA,NA
620,NA,MaaleaLighthouse,130,6/13/2024,NA,n,NA,455,NA,356,NA,156,y,80.5,-6.5,-0.5,-0.5,NA,14,-2,12,65,13-14,canon,100black,2.5,darktan,n,basalt,NA,0,bench,NA,NA,NA,NA,NA,NA,3.56,4.55,1.56,FALSE,FALSE,FALSE,FALSE,NA,NA,NA,0.34285714285714286,0.7824175824175824,16.17945467046623,12.721879450711867,1.2717817939676272,2.8259786953967,1.2228025773299052,53,south,NA,10.100710578551123,7.973948093215916,1.2667138612483089,0.3403625008065472,0.7866005468286977,-198.12,-15.24,-15.24,426.72,-60.96,NA,NA,NA
620,NA,MaaleaLighthouse,131,6/13/2024,NA,n,NA,500,NA,411,NA,168,y,86,-8,0.5,0.5,NA,12.6,-1.8,66,48,15-16,canon,100black,0,grey,n,basalt,NA,5,bench,NA,NA,NA,NA,NA,NA,4.11,5,1.68,FALSE,FALSE,FALSE,FALSE,NA,NA,NA,0.33599999999999997,0.8220000000000001,20.15242282271617,16.139932257817563,1.2486064068177924,2.9752711353714836,1.1948580084551532,18,south,NA,10.428148866543347,8.395200443422105,1.2421560315113285,0.33258423510568474,0.8281555362958319,-243.84,15.24,15.24,384.048,-54.864000000000004,NA,NA,NA
621,NA,MaaleaLighthouse,132,6/13/2024,NA,n,NA,433,NA,354,NA,132,y,26.2,-11,-1.2,-2.4,NA,18,-1.2,136,75,17-18,canon,100black,2.5,tan,n,basalt,NA,10,bench,NA,NA,NA,NA,NA,NA,3.54,4.33,1.32,FALSE,FALSE,FALSE,FALSE,NA,NA,NA,0.3048498845265589,0.8175519630484989,14.562503434294632,12.038740128188767,1.2096368290396484,2.949577795970034,1.0889163486592364,61,south,NA,10.041330679754129,8.32270260220969,1.206498797288292,0.303095772342978,0.8210038918563474,-335.28000000000003,-36.576,-73.152,548.64,-36.576,NA,NA,NA
621,NA,MaaleaLighthouse,133,6/13/2024,NA,n,NA,378,NA,299,NA,99,y,14.5,-7,-1.5,-1.7,NA,19.5,-1.5,110,80,19-20,canon,100black,0,tan,n,basalt,NA,5,bench,NA,NA,NA,NA,NA,NA,2.99,3.78,0.99,FALSE,FALSE,FALSE,FALSE,NA,NA,NA,0.2619047619047619,0.7910052910052912,10.336057137879854,8.876727122350639,1.1643995580144375,2.845065810735012,0.9394541293857231,30,south,NA,9.342025724448517,8.027805423140183,1.1637085395119429,0.26149352544625376,0.7919133736334275,-213.36,-45.72,-51.816,594.36,-45.72,NA,NA,NA
621,NA,MaaleaLighthouse,134,6/13/2024,NA,n,NA,400,NA,312,NA,122,y,24.4,-8.4,-0.3,-0.3,NA,15,-2,130,60,21-22,canon,100black,5,grey,n,basalt,NA,0,bench,NA,NA,NA,NA,NA,NA,3.12,4,1.22,FALSE,FALSE,FALSE,FALSE,NA,NA,NA,0.305,0.78,11.967189176262146,9.801769079200154,1.2209213540499666,2.809066646256811,1.0921255474745666,70,south,NA,9.662087890483395,7.926228058308697,1.2190020044092824,0.30398904076964123,0.7818931415240858,-256.03200000000004,-9.144,-9.144,457.2,-60.96,NA,NA,NA
623,NA,MaaleaLighthouse,135,6/13/2024,NA,n,NA,477,NA,356,NA,156,y,113.8,-10,-0.6,1.2,NA,16,-0.6,136,65,23-24,canon,100black,2.5,tan,n,basalt,NA,2.5,bench,NA,NA,NA,NA,NA,NA,3.56,4.77,1.56,FALSE,FALSE,FALSE,FALSE,NA,NA,NA,0.32704402515723274,0.7463312368972748,16.847378877810744,13.337003292284749,1.2632057223496895,2.6985144652773037,1.164703676199078,71,south,NA,9.57308792444831,7.61428750682529,1.257253277587324,0.32419089007427315,0.7511213575211714,-304.8,-18.288,36.576,487.68,-18.288,NA,NA,NA
623,NA,MaaleaLighthouse,136,6/13/2024,NA,n,NA,411,NA,333,NA,123,y,110.6,-10.8,0.7,0.7,NA,16,-0.8,140,71,25-26,canon,100black,5,grey,n,basalt,NA,5,bench,NA,NA,NA,NA,NA,NA,3.33,4.11,1.23,FALSE,FALSE,FALSE,FALSE,NA,NA,NA,0.2992700729927007,0.8102189781021898,12.949257811383708,10.749194883706497,1.2046723453690509,2.919683475409735,1.070709889117692,69,south,NA,9.90621572175976,8.238351024889566,1.2024512783967654,0.2980280727688371,0.8126829201030544,-329.184,21.336,21.336,487.68,-24.384,NA,NA,NA
624,NA,MaaleaLighthouse,137,6/13/2024,NA,n,NA,422,NA,334,NA,123,y,76,-9,-3.1,-3.1,NA,12,-3.6,97,74,27-28,canon,100black,0,tan,n,basalt,NA,0,bench,NA,NA,NA,NA,NA,NA,3.34,4.22,1.23,FALSE,FALSE,FALSE,FALSE,NA,NA,NA,0.2914691943127962,0.7914691943127963,13.285203470453531,11.070030033454353,1.2001054586396587,2.8538179941734856,1.0419493352258085,23,south,NA,9.642811293756496,8.052501099917356,1.197492701224898,0.290022680705796,0.7943495109935083,-274.32,-94.488,-94.488,365.76,-109.72800000000001,NA,NA,NA
624,NA,MaaleaLighthouse,138,6/13/2024,NA,n,NA,400,NA,322,NA,111,y,53.6,-10,-0.5,-0.5,NA,10.5,-4.6,284,73,29-30,canon,100black,2.5,darktan,n,basalt,NA,0,bench,NA,NA,NA,NA,NA,NA,3.22,4,1.11,FALSE,FALSE,FALSE,FALSE,NA,NA,NA,0.2775,0.805,11.93099861251853,10.115928344559135,1.1794269597545768,2.899100833636837,0.99365521122686,149,south,NA,9.635159368733314,8.180273829408335,1.1778529141768606,0.27658019283139496,0.8069538191370375,-304.8,-15.24,-15.24,320.04,-140.208,NA,NA,NA
624,NA,MaaleaLighthouse,139,6/13/2024,NA,n,NA,401,NA,333,NA,123,y,102.9,-11,0.85,0.85,NA,11.5,-0.9,143,68,31-32,canon,100black,5,grey,n,basalt,NA,5,bench,NA,NA,NA,NA,NA,NA,3.33,4.01,1.23,FALSE,FALSE,FALSE,FALSE,NA,NA,NA,0.30673316708229426,0.830423940149626,12.674123496368288,10.487657295295145,1.2084799435669977,2.990830330012319,1.0982467967742449,75,south,NA,10.182981105339453,8.439103184316918,1.20664256413683,0.3056928675020384,0.832486379636099,-335.28000000000003,25.908,25.908,350.52,-27.432000000000002,NA,NA,NA
625,NA,MaaleaLighthouse,140,6/13/2024,NA,n,NA,333,NA,277,NA,100,y,21.5,-8.9,-3.9,-3.9,NA,13,-6.3,307,99,33-34,canon,100black,10,grey,n,basalt,NA,0,bench,NA,NA,NA,NA,NA,NA,2.77,3.33,1,FALSE,FALSE,FALSE,FALSE,NA,NA,NA,0.3003003003003003,0.8318318318318318,8.694893445797009,7.244591198994403,1.2001910400415579,2.983362469804589,1.0814080424445875,152,south,NA,10.113610802820585,8.418031429685213,1.2014223143852978,0.30100586353233466,0.8304077288194422,-271.272,-118.872,-118.872,396.24,-192.024,NA,NA,NA
625,NA,MaaleaLighthouse,141,6/13/2024,NA,n,NA,400,NA,311,NA,123,y,42,-7.9,-4.7,NA,NA,17,-4.7,325,85,35-36,canon,100black,10,grey,n,basalt,NA,0,bench,NA,NA,NA,NA,NA,NA,3.11,4,1.23,FALSE,FALSE,FALSE,FALSE,NA,NA,NA,0.3075,0.7775,11.968880754049009,9.770353152664256,1.225020279925628,2.800063227518808,1.101077396224358,120,south,NA,9.663237235832337,7.900823481198732,1.223067096591583,0.30648075421857274,0.7793870737627907,-240.792,-143.256,NA,518.16,-143.256,NA,NA,NA
625,NA,MaaleaLighthouse,142,6/13/2024,NA,n,NA,344,NA,278,NA,101,y,23.2,-7.8,-5.5,NA,NA,13.5,-5.5,3,86,37-38,canon,100black,0,darktan,n,basalt,NA,50,bench,NA,NA,NA,NA,NA,NA,2.78,3.44,1.01,FALSE,FALSE,FALSE,FALSE,NA,NA,NA,0.2936046511627907,0.8081395348837209,8.999524620983095,7.510919716202476,1.1981920937817263,2.9005169131731283,1.0562347654642006,83,south,NA,9.812066002033175,8.184269522913258,1.1988933129050336,0.29399897651280493,0.8073479795528303,-237.744,-167.64000000000001,NA,411.48,-167.64000000000001,NA,NA,NA
625,NA,MaaleaLighthouse,143,6/13/2024,NA,n,NA,333,NA,267,NA,101,y,74.3,-11,-7.1,NA,NA,11.4,-7.1,125,83,39-40,canon,100black,15,grey,n,basalt,NA,0,bench,NA,NA,NA,NA,NA,NA,2.67,3.33,1.01,FALSE,FALSE,FALSE,FALSE,NA,NA,NA,0.3033033033033033,0.8018018018018017,8.464440496977417,6.983053610583053,1.2121402711486093,2.875659853566156,1.0922221228690334,42,south,NA,9.846087357731502,8.114131378072026,1.2134493390555627,0.304015922167658,0.8004291104505094,-335.28000000000003,-216.408,NA,347.47200000000004,-216.408,NA,NA,NA
626,NA,MaaleaLighthouse,144,6/13/2024,NA,n,NA,412,NA,334,NA,133,y,66.6,-7.2,-1.7,NA,NA,15.2,-1.7,269,90,41-42,canon,100black,2.5,tan,n,basalt,NA,75,bench,NA,NA,NA,NA,NA,NA,3.34,4.12,1.33,FALSE,FALSE,FALSE,FALSE,NA,NA,NA,0.32281553398058255,0.8106796116504854,13.344706890998513,10.807707046879607,1.234739878969183,2.921503639164699,1.154862620193347,179,south,NA,10.157432381634239,8.243486906248783,1.2321766865347519,0.3214516691282379,0.8131895558421365,-219.45600000000002,-51.816,NA,463.296,-51.816,NA,NA,NA
