GPS_waypoint,GPS_id,site,individual_id,date,limpet_location_solar_refuge_category,moving,length_in,length_tenth_mm,width_in,width_tenth_mm,height_ww_in,height_ww_tenth_mm,path_to_ocean,surface_angle,dist_to_open_h2o_ft,dist_to_shelter_ft,dist_to_underrock_ft,shelter_type,dist_to_littpint_ft,dist_to_crustose_ft,compass_surface,compass_ocean,pics,camera_type,color_ribs,erosion,color_interrib,rock_move,Substrate,Notes,limu_on_shell,spot_on_transect,spot_notes,altitude_est_hypotenuse_ft,altitude_est_adjacent_ft,altitude_est_angle_deg,altitude_est_opposite_ft,shore_type
48,,KahuluiBreakwaterBasaltInside,1,6/12/2023,refuge,y,1.72,NA,1.43,NA,0.43,NA,y,53,0,0,NA,underrock,1.52,-0.9,170,107,1-2,digital,100black,0,tanbrown,n,basalt,,0,boulder,boulder,NA,NA,NA,,bb
48,,KahuluiBreakwaterBasaltInside,2,6/12/2023,exposed,n,1.06,NA,0.85,NA,0.29,NA,y,83.5,-0.45,-0.95,NA,crevice,1,-0.95,354,107,3-4,digital,100black,0,tanbrown,n,basalt,,0,boulder,boulder,NA,NA,NA,NA,bb
50,,KahuluiBreakwaterBasaltInside,3,6/12/2023,exposed,n,1.48,NA,1.19,NA,0.44,NA,y,75.7,-2.87,-1.1,NA,crevice,2.78,-2.87,85,123,5-6,digital,100black,0,brown,n,basalt,,0,boulder,boulder,NA,NA,NA,NA,bb
49,,KahuluiBreakwaterBasaltInside,4,6/12/2023,exposed,n,1.47,NA,1.23,NA,0.39,NA,y,56.3,-1.49,-0.8,NA,underrock,4.45,-1.49,64,97,7-8,digital,100black,0,tan ,n,basalt,all dist 0.15ft longer than should be,0,boulder,boulder,NA,NA,NA,NA,bb
49,,KahuluiBreakwaterBasaltInside,5,6/12/2023,refuge,n,1.35,NA,1.11,NA,0.37,NA,y,81.4,-0.94,0,NA,crevice,3.45,-0.94,181,97,9-10,digital,100black,0,black,n,basalt,all dist 0.15ft longer than should be,0,boulder,boulder,NA,NA,NA,NA,bb
50,,KahuluiBreakwaterBasaltInside,6,6/12/2023,refuge,n,1.49,NA,1.24,NA,0.44,NA,n,22,-6.4,0,NA,underrock,1.9,-0.5,312,98,11-12,digital,100black,0,tanbrown,y,basalt,all dist 0.15ft longer than should be,0,boulder,boulder,NA,NA,NA,NA,bb
51,,KahuluiBreakwaterBasaltInside,7,6/12/2023,exposed,n,1.32,NA,1.06,NA,0.38,NA,y,36.3,-1.6,-1.6,NA,crevice,8,-1.6,128,106,13-14,digital,100black,0,tan,n,concrete,all dist 0.15ft longer than should be,0,boulder,boulder,NA,NA,NA,NA,bb
52,,KahuluiBreakwaterBasaltInside,8,6/12/2023,exposed,n,1.33,NA,1.06,NA,0.34,NA,y,52.9,-0.78,-0.28,NA,crevice,5.5,-0.78,96,110,15-16,digital,100black,0,tan,n,basalt,all dist 0.15ft longer than should be,0,boulder,boulder,NA,NA,NA,NA,bb
51,,KahuluiBreakwaterBasaltInside,9,6/12/2023,refuge,n,1.15,NA,0.89,NA,0.31,NA,y,81.1,-0.85,0,NA,underrock,2.8,-0.85,282,106,17-19,digital,100black,0,tan,n,basalt,all dist 0.15ft longer than should be,0,boulder,boulder,NA,NA,NA,NA,bb
52,,KahuluiBreakwaterBasaltInside,10,6/12/2023,refuge,n,1.38,NA,1.12,NA,0.37,NA,y,71.8,-0.34,0,NA,crevice,2.56,-0.34,88,110,20-21,digital,100black,0,tan,n,basalt,all dist 0.15ft longer than should be,0,boulder,boulder,NA,NA,NA,NA,bb
54,,KahuluiBreakwaterBasaltInside,11,6/12/2023,exposed,n,1.72,NA,1.33,NA,0.51,NA,y,94.3,-2.04,-2.04,NA,underrock,1.67,-2.04,96,100,22-23,digital,100black,0,tan,n,basalt,all dist 0.15ft longer than should be,0,boulder,boulder,NA,NA,NA,NA,bb
54,,KahuluiBreakwaterBasaltInside,12,6/12/2023,refuge,n,1.76,NA,1.42,NA,0.6,NA,y,110.7,-0.33,0,NA,crevice,3.36,-0.33,296,100,24-25,digital,100black,0,brown,n,basalt,all dist 0.15ft longer than should be,0,boulder,boulder,NA,NA,NA,NA,bb
55,,KahuluiBreakwaterBasaltInside,13,6/12/2023,exposed,n,NA,NA,1.35,NA,0.58,NA,y,98.2,-1.22,-0.65,NA,underrock,5,-1.22,64,93,26-27,digital,100black,0,tanbrown,n,basalt,all dist 0.15ft longer than should be,0,boulder,boulder,NA,NA,NA,NA,bb
55,,KahuluiBreakwaterBasaltInside,14,6/13/2023,refuge,n,1.38,NA,1.12,NA,0.49,NA,y,142.9,-1.36,0,NA,underrock,4.6,-1.36,90,93,28-29,digital,100black,0,tan,n,basalt,all dist 0.15ft longer than should be,0,boulder,boulder,NA,NA,NA,NA,bb
56,,KahuluiBreakwaterBasaltInside,15,6/13/2023,exposed,y,1.3,NA,1.05,NA,0.37,NA,y,26.9,-1.95,-0.83,NA,underrock,7.8,-1.95,144,110,1-2,phone,100black,0,black,y,basalt,"next day, low tide",0,boulder,boulder,NA,NA,NA,NA,bb
56,,KahuluiBreakwaterBasaltInside,16,6/13/2023,refuge,n,1.47,NA,1.22,NA,0.46,NA,y,79.7,-1.26,-0.47,NA,crevice,8,-1.26,95,110,3-4,phone,100black,0,brown,n,basalt,"next day, low tide",0,boulder,boulder,NA,NA,NA,NA,bb
57,,KahuluiBreakwaterBasaltInside,17,6/13/2023,exposed,y,1.41,NA,1.07,NA,0.41,NA,y,48.2,-1.01,-1,NA,crevice,5,-1.01,172,120,5-6,phone,100black,0,brown,n,basalt,"next day, low tide",0,boulder,boulder,NA,NA,NA,NA,bb
57,,KahuluiBreakwaterBasaltInside,18,6/13/2023,refuge,n,1.31,NA,1.03,NA,0.37,NA,y,141,-0.41,0,NA,underrock,4.4,-0.41,120,120,7-8,phone,100black,0,tan,n,basalt,"next day, low tide",0,boulder,boulder,NA,NA,NA,NA,bb
60,,KahuluiBreakwaterBasaltInside,19,6/13/2023,exposed,y,1.71,NA,1.42,NA,0.54,NA,y,45.5,-0.9,0.44,NA,underrock,0.31,-0.9,189,121,9-10,phone,100black,0,tan,y,basalt,"next day, low tide",0,boulder,boulder,NA,NA,NA,NA,bb
60,,KahuluiBreakwaterBasaltInside,20,6/13/2023,refuge,n,1.39,NA,1.12,NA,0.35,NA,y,127.3,-0.79,0,NA,underrock,3.45,-0.79,71,121,11-12,phone,100black,0,tan,n,basalt,"next day, low tide",0,boulder,boulder,NA,NA,NA,NA,bb
62,,HonoluaAdjacentInnerSide,21,6/13/2023,refuge,n,1.33,NA,1.12,NA,0.51,NA,y,178.4,-5.6,0,NA,underrock,12,-5.6,163,175,13-14,phone,100black,10,tanwhite,n,basalt 'a'a,dist in inches,some crustose,slope,slope,NA,NA,NA,NA,ba1 tp
63,,HonoluaAdjacentInnerSide,22,6/13/2023,exposed/refuge,n,1.29,NA,1.06,NA,0.535,NA,y,94.5,-2.3,-1,NA,crustose,3,-1,131,92,NA,NA,100black,10,grey,n,basalt,,0,cliff,cliff,NA,NA,NA,NA,ba1 tp
64,,HonoluaAdjacentInnerSide,23,6/13/2023,exposed,n,1.2,NA,0.975,NA,0.39,NA,y,30.4,-0.7,-0.7,NA,crustose,2.7,-0.7,232,67,15-16,phone,100black,10,tan,n,basalt,,some crustose,bench,bench,NA,NA,NA,NA,ba1 tp
64,,HonoluaAdjacentInnerSide,24,6/13/2023,refuge,n,1.16,NA,0.99,NA,0.44,NA,y,72.8,-2,-1.1,NA,crustose,2.6,-1.1,219,67,17-18,phone,100black,25,grey,n,basalt,,0,bench,bench,NA,NA,NA,NA,ba1 tp
65,,HonoluaAdjacentInnerSide,25,6/13/2023,exposed,n,1.22,NA,0.98,NA,0.47,NA,y,103.4,-1.55,-0.64,NA,underrock,3.6,-1.55,76,57,19-20,phone,100black,50,greywhite,n,basalt,,0,cliff,cliff,NA,NA,NA,NA,ba1 tp
65,,HonoluaAdjacentInnerSide,26,6/13/2023,exposed/refuge,n,1.28,NA,1.01,NA,0.47,NA,y,105,-3,-0.75,NA,underrock,3,-3,66,57,21-22,phone,100black,75,tanwhite,n,basalt,,0,cliff,cliff,NA,NA,NA,NA,ba1 tp
68,,HonoluaAdjacentInnerSide,27,6/13/2023,exposed/refuge,n,1.32,NA,1.07,NA,0.56,NA,y,12.1,-0.75,-0.75,NA,crustose,11.6,-0.75,247,67,23-24,phone,100black,50,grey,n,basalt,,some crustose,bench2,bench2,NA,NA,NA,NA,ba1 tp
68,,HonoluaAdjacentInnerSide,28,6/13/2023,refuge,n,1.35,NA,1.09,NA,0.53,NA,y,133.7,-1.45,0,NA,underrock,11,-1.45,62,67,25-26,phone,100black,25,tan,n,basalt,,some crustose,cliff,cliff,NA,NA,NA,NA,ba1 tp
69,,HonoluaAdjacentInnerSide,29,6/14/2023,exposed/refuge,n,1.7,NA,1.4,NA,0.575,NA,y,40.6,-0.4,-0.2,NA,underrock,6,-0.4,40,25,27-28,canon,100black,50,tan,n,basalt,canon cam here and below,some crustose,cliff,cliff,NA,NA,NA,NA,ba1 tp
69,,HonoluaAdjacentInnerSide,30,6/14/2023,exposed/refuge,n,1.25,NA,0.925,NA,0.44,NA,y,32.7,-1.4,-0.2,NA,underrock,6,-1.4,215,25,29-30,canon,100black,50,tan,n,basalt,,0,cliff,cliff,NA,NA,NA,NA,ba1 tp
70,,HonoluaAdjacentInnerSide,31,6/14/2023,exposed,n,1.24,NA,1.02,NA,0.39,NA,y,59.4,-3.5,-1.2,NA,crevice,1.6,-3.5,150,41,31-32,canon,100black,90,grey,n,basalt,,0,slope,slope,NA,NA,NA,NA,ba1 tp
70,,HonoluaAdjacentInnerSide,32,6/14/2023,exposed,n,1.335,NA,1.09,NA,0.52,NA,y,64.6,-2.4,-1.5,NA,crevice,2.4,-2.4,55,51,33-34,canon,100black,50,tangrey,n,basalt,,some crustose,slope,slope,NA,NA,NA,NA,ba1 tp
71,,HonoluaAdjacentInnerSide,33,6/14/2023,exposed,n,1.15,NA,0.96,NA,0.39,NA,y,38,-0.8,-0.8,NA,crustose,6.4,-0.8,31,33,35-36,canon,100black,25,tan,n,basalt,,some crustose,slope,slope,NA,NA,NA,NA,ba1 tp
72,,HonoluaAdjacentInnerSide,34,6/14/2023,exposed,n,1.68,NA,1.39,NA,0.6,NA,y,41.2,-0.9,-0.9,NA,crustose,6.4,-0.9,354,37,37-38,canon,100black,75,tan,n,basalt,,0,cliff ,(slope on cliff),NA,NA,NA,NA,ba1 tp
73,,HonoluaAdjacentInnerSide,35,6/14/2023,exposed,y,1.455,NA,1.15,NA,0.515,NA,y,45.9,-0.6,-0.6,NA,crustose,3.65,-0.6,29,36,39-40,canon,100black,75,tan,n,basalt,,0,cliff,,NA,NA,NA,NA,ba1 tp
73,,HonoluaAdjacentInnerSide,36,6/14/2023,refuge,y,1.455,NA,1.16,NA,0.55,NA,y,44.4,-1.55,-1.55,NA,crustose,3.4,-1.55,30,36,41-42,canon,100black,75,tan,n,basalt,,0,cliff,,NA,NA,NA,NA,ba1 tp
74,,HonoluaAdjacentInnerSide,37,6/14/2023,exposed/refuge,n,1.26,NA,1.06,NA,0.46,NA,y,63,-1.5,-1,NA,underrock,1.6,-1.5,69,162,43-44,canon,100black,75,tangrey,n,basalt,,0,cliff, (in crevice),NA,NA,NA,NA,ba1 tp
74,,HonoluaAdjacentInnerSide,38,6/14/2023,exposed/refuge,n,1.42,NA,1.13,NA,0.48,NA,y,52.1,-0.8,-0.8,NA,crustose,2.4,-0.8,248,162,45-46,canon,100black,10,tangrey,n,basalt,,0,cliff, (in crevice),NA,NA,NA,NA,ba1 tp
75,,HonoluaAdjacentInnerSide,39,6/14/2023,exposed/refuge,n,1.63,NA,1.32,NA,0.58,NA,y,99.4,-0.34,-0.34,NA,crustose,9,-0.34,121,225,47-48,canon,75black25brown,25,tangrey,n,basalt,,some crustose,bench, (in crevice),NA,NA,NA,NA,ba1 tp
75,,HonoluaAdjacentInnerSide,40,6/14/2023,exposed,n,1.87,NA,1.5,NA,0.785,NA,y,44.9,-0.6,-0.6,NA,crustose,15,-0.6,221,225,49-50,canon,100black,10,tan,n,basalt,,some crustose,bench, (open),NA,NA,NA,NA,ba1 tp
75,,KahuluiBreakwaterConcreteInside,41,6/14/2023,exposed,y,1.31,NA,1.03,NA,0.4,NA,y,79.3,-1.39,NA,toofar,NA,2.35,-1.39,156,106,51-52,canon,100black,0,tan,n,concrete,shelter type and dist to shelter consolidated to dist to under rock here and below,0,boulder,,NA,NA,NA,NA,bc
75,,KahuluiBreakwaterConcreteInside,42,6/14/2023,exposed,n,1.63,NA,1.29,NA,0.57,NA,y,83.4,-0.83,NA,-2.04,NA,1.47,-0.83,141,106,53-54,canon,100black,0,tanbrown,n,concrete,,some crustose,boulder,,NA,NA,NA,NA,bc
76,,KahuluiBreakwaterConcreteInside,43,6/14/2023,exposed,n,1.415,NA,1.18,NA,0.44,NA,y,71.1,-1.29,NA,toofar,NA,6.75,-1.29,349,118,55-56,canon,100black,0,tanbrown,n,concrete,,0,boulder,,NA,NA,NA,NA,bc
76,,KahuluiBreakwaterConcreteInside,44,6/14/2023,exposed,n,1.31,NA,1.05,NA,0.35,NA,y,64.4,-1.5,NA,toofar,NA,7.75,-1.5,350,118,57-58,canon,100black,0,brown,n,concrete,,0,boulder,,NA,NA,NA,NA,bc
77,,KahuluiBreakwaterConcreteInside,45,6/14/2023,exposed,n,1.45,NA,1.16,NA,0.4,NA,y,NA,-1.72,NA,toofar,NA,4.26,-1.72,156,117,59-60,canon,100black,25,brown,n,concrete,digital angle finder ran out of battery here and below,0,boulder,,NA,NA,NA,NA,bc
77,,KahuluiBreakwaterConcreteInside,46,6/14/2023,exposed,n,1.56,NA,1.23,NA,0.54,NA,y,NA,-1.74,NA,toofar,NA,6.1,-1.74,90,117,61-62,canon,100black,25,brown,n,concrete,,0,boulder,,NA,NA,NA,NA,bc
78,,KahuluiBreakwaterConcreteInside,47,6/14/2023,refuge,n,1.44,NA,1.18,NA,0.44,NA,y,NA,-1.19,NA,0,NA,0.9,-1.19,357,134,63-64,canon,100black,0,blackbrown,n,concrete,,0,boulder,,NA,NA,NA,NA,bc
79,,KahuluiBreakwaterConcreteInside,48,6/14/2023,refuge,n,1.44,NA,1.15,NA,0.46,NA,y,NA,-2.5,NA,0,NA,0.5,-2.5,108,127,65-66,canon,100black,0,brown,n,concrete,,0,boulder,,NA,NA,NA,NA,bc
79,,KahuluiBreakwaterConcreteInside,49,6/14/2023,refuge,n,1.45,NA,1.18,NA,0.45,NA,y,NA,-2.04,NA,0,NA,2.63,-2.04,43,140,67-68,canon,100black,0,tanbrown,n,concrete,,0,boulder,,NA,NA,NA,NA,bc
80,,KahuluiBreakwaterConcreteInside,50,6/14/2023,exposed,n,1.29,NA,1.07,NA,0.4,NA,y,NA,-1.43,NA,-1.5,NA,1.31,-1.43,30,140,69-70,canon,100black,0,brown,n,concrete,,0,boulder,,NA,NA,NA,NA,bc
362,,HanaPalemoHanaBay,51,6/23/2023,exposed,n,NA,330,NA,271,NA,132,y,81.8,-0.75,NA,-1.7,NA,1.38,-0.75,201,5,1,canon,100black,50,tan,n,basalt,,0,boulder,,NA,NA,NA,NA,
363,,HanaPalemoHanaBay,52,6/23/2023,exposed,n,NA,417,NA,348,NA,178,y,77.7,-1.6,NA,-0.65,NA,0.83,-1.5,314,16,2-3,canon,100black,10,tan,n,basalt,,0,boulder,,NA,NA,NA,NA,
364,,HanaPalemoHanaBay,53,6/23/2023,exposed,n,NA,415,NA,336,NA,155,y,61.7,0.3,NA,-0.8,NA,12.5,0.3,37,0,4-5,canon,100black,0,tan,y,basalt,,0,boulder,,NA,NA,NA,NA,
364,,HanaPalemoHanaBay,54,6/23/2023,refuge,n,NA,156,NA,378,NA,145,y,80.1,1.17,NA,-0.4,NA,3.6,1.17,135,0,6-7,canon,100black,5,tan,n,basalt,"length is somehow shorter than width, definitely wrong",some crustose,boulder,,NA,NA,NA,NA,
365,,HanaPalemoHanaBay,55,6/23/2023,exposed,n,NA,358,NA,280,NA,111,y,82.6,-1.7,NA,NA,NA,3.53,-1.7,290,290,8-9,canon,100black,10,grey,n,basalt,,0,boulder,,NA,NA,NA,NA,
366,,HanaPalemoHanaBay,56,6/23/2023,exposed,n,NA,314,NA,257,NA,104,y,29.2,-2.4,NA,-2.7,NA,11.4,-2.4,239,350,10,canon,100black,10,grey,n,basalt,,0,boulder,,NA,NA,NA,NA,
366,,HanaPalemoHanaBay,57,6/23/2023,refuge,n,NA,368,NA,299,NA,129,y,147.2,-3.6,NA,0,NA,3.5,-3.6,83,350,11-12,canon,100black,10,grey,n,basalt,,0,boulder,,NA,NA,NA,NA,
367,,HanaPalemoHanaBay,58,6/23/2023,exposed,n,NA,433,NA,355,NA,178,y,64.5,-1.9,NA,-2.7,NA,9,-1.9,35,16,13-14,canon,100black,50,tan,n,basalt,,some crustose,boulder,,NA,NA,NA,NA,
367,,HanaPalemoHanaBay,59,6/23/2023,refuge,n,NA,356,NA,289,NA,134,y,104.7,-0.1,NA,-1.65,NA,7.4,-0.1,108,16,15-16,canon,100black,5,greywhite,n,basalt,,some crustose,boulder,,NA,NA,NA,NA,
368,,HanaPalemoHanaBay,60,6/23/2023,refuge,y,NA,334,NA,279,NA,123,y,19,-1.5,NA,-0.6,NA,6.2,-1.5,153,129,17-18,canon,100black,50,grey,n,basalt,,0,boulder,,NA,NA,NA,NA,
368,,HanaPalemoHanaBay,61,6/23/2023,exposed,n,NA,334,NA,228,NA,124,y,58.6,-2.85,NA,-1.7,NA,5,-2.85,169,129,19-20,canon,100black,75,grey,y,basalt,,0,boulder,,NA,NA,NA,NA,
368,,HanaPalemoHanaBay,62,6/23/2023,refuge,n,NA,301,NA,256,NA,134,y,82.2,-2.75,NA,-0.9,NA,5,-2.75,318,105,21-22,canon,100black,25,grey,y,basalt,,0,boulder,,NA,NA,NA,NA,
368,,HanaPalemoHanaBay,63,6/23/2023,exposed,n,NA,345,NA,278,NA,124,y,52.7,-1.9,NA,-1.4,NA,6,-1.9,169,105,23-24,canon,100black,75,tan,y,basalt,,0,boulder,,NA,NA,NA,NA,
369,,HanaPalemoHanaBay,64,6/23/2023,exposed,n,NA,379,NA,301,NA,123,y,31,-1.43,NA,-1.62,NA,12.9,-1.43,313,79,25-26,canon,100black,10,tan,n,basalt,,0,boulder,,NA,NA,NA,NA,
369,,HanaPalemoHanaBay,65,6/23/2023,refuge,n,NA,279,NA,223,NA,90,y,54,-3,NA,-4,NA,16.6,-3,123,79,27-28,canon,100black,95,tan,n,basalt,,some crustose,boulder,,NA,NA,NA,NA,
369,,HanaPalemoHanaBay,66,6/23/2023,refuge,n,NA,356,NA,NA,NA,112,y,70.7,-1,NA,-1.4,NA,7.5,-1,138,130,29-30,canon,100black,0,tan,n,basalt,,0,boulder,,NA,NA,NA,NA,
369,,HanaPalemoHanaBay,67,6/23/2023,exposed,n,NA,357,NA,289,NA,112,y,83.5,-3.5,NA,-1.7,NA,9.7,-3.5,18,130,31-32,canon,100black,50,tan,n,basalt,,0,boulder,,NA,NA,NA,NA,
648,,EastMaui1-RA,68,6/14/2024,NA,n,NA,300,NA,244,NA,111,y,76.7,-11,NA,-0.2,NA,10.2,-6,71,213,43-44,canon,100black,25,green,y,basalt,psi after ndio?,<5,boulder,,NA,NA,NA,NA,sbb
648,,EastMaui1-RA,69,6/14/2024,NA,n,NA,322,NA,255,NA,122,y,69.5,-13.5,NA,-0.2,NA,12.2,-7.6,190,207,45-46,canon,100black,25,tan,n,basalt,,0,boulder,,NA,NA,NA,NA,sbb
648,,EastMaui1-RA,70,6/14/2024,NA,n,NA,302,NA,243,NA,122,y,27.7,-11.3,NA,-0.9,NA,12.1,-4.8,68,26,47-48,canon,100black,5,tan ,n,basalt,,0,boulder,,NA,NA,NA,NA,sbb
649,,EastMaui1-RA,71,6/14/2024,NA,n,NA,378,NA,311,NA,178,y,43,-9.5,NA,-1.1,NA,12.5,0,170,205,49-50,canon,100black,5,tan,n,basalt,magnetic reading?,80,boulder,,NA,NA,NA,NA,sbb
649,,EastMaui1-RA,72,6/14/2024,NA,n,NA,311,NA,255,NA,111,y,75.4,-14.5,NA,-0.5,NA,12.2,-7.2,302,206,51-52,canon,100black,50,tan,n,basalt,,0,boulder,,NA,NA,NA,NA,sbb
650,,EastMaui1-RA,73,6/14/2024,NA,n,NA,344,NA,267,NA,133,y,22,-9.8,NA,-1.5,NA,18.3,2.5,64,188,53-54,canon,100black,10,tan,n,basalt,,10,boulder,,NA,NA,NA,NA,sbb
651,,EastMaui1-RA,74,6/14/2024,NA,n,NA,300,NA,233,NA,78,y,25.1,-10.2,NA,0.6,NA,15.3,-1,266,202,55-56,canon,100black,75,brown,n,basalt,,40,boulder,,NA,NA,NA,NA,sbb
537,,EastMaui2-RAB,75,6/14/2024,NA,n,NA,354,NA,277,NA,133,y,28.8,-15.8,NA,-2,NA,7.5,-1,35,60,57-58,canon,100black,10,tan,n,basalt,crust in tidepool river,0,slope,,NA,NA,NA,NA,ba3
537,,EastMaui2-RAB,76,6/14/2024,NA,n,NA,411,NA,344,NA,166,y,41.3,-14.5,NA,-3,NA,8.4,-1.5,153,4,59-60,canon,100black,50,grey,n,basalt,crust in tidepool river,15,slope,,NA,NA,NA,NA,ba3
537,,EastMaui2-RAB,77,6/14/2024,NA,n,NA,388,NA,333,NA,211,y,56.6,-13,NA,-1.4,NA,8.3,-3.2,41,31,61-62,canon,100black,20,lightgrey,n,basalt,normal crust,<5,slope,,NA,NA,NA,NA,ba3
537,,EastMaui2-RAB,78,6/14/2024,NA,n,NA,399,NA,322,NA,188,y,113.3,-15,NA,-0.1,NA,7.6,-4.7,30,20,63-64,canon,100black,20,tan,n,basalt,,<5,slope,,NA,NA,NA,NA,ba3
537,,EastMaui2-RAB,79,6/14/2024,NA,n,NA,344,NA,288,NA,144,y,80.1,-12.8,NA,-1.2,NA,8.5,-2.3,3,36,65-66,canon,100black,25,tan,n,basalt,,5,slope,,NA,NA,NA,NA,ba3
538,,EastMaui2-RAB,80,6/14/2024,NA,n,NA,400,NA,255,NA,211,y,85.5,-13.8,NA,-1,NA,9.8,-14,61,35,67-68,canon,100black,35,lightgrey,n,basalt,crust in tidepool river,5,slope,,NA,NA,NA,NA,ba3
538,,EastMaui2-RAB,81,6/14/2024,NA,n,NA,400,NA,322,NA,199,y,25.4,-10.3,NA,-0.7,NA,9.4,-3.5,28,26,69-70,canon,100black,60,tan,n,basalt,,<5,slope,,NA,NA,NA,NA,ba3
538,,EastMaui2-RAB,82,6/14/2024,NA,n,NA,387,NA,322,NA,155,y,1.6,-10.6,NA,-2.2,NA,10.2,-4.2,157,49,71-72,canon,100black,20,tan,n,basalt,,0,slope,,NA,NA,NA,NA,ba3
695,,Honomanu,83,6/15/2024,NA,n,NA,425,NA,352,NA,130,n,84.8,-10,NA,-0.6,NA,8.8,-5,346,48,73-75,canon,50black,0,brown,n,basalt,3 pics (shadow),0,boulder,,9,0.8,24.3,NA,sbb
695,,Honomanu,84,6/15/2024,NA,y,NA,330,NA,251,NA,102,n,97.9,-6.6,NA,-0.2,NA,12.2,-4.6,329,29,76-77,canon,100black,<5,tanred,n,basalt,pred snail near,0,boulder,,6.4,1.6,25.2,NA,sbb
696,,Honomanu,85,6/15/2024,NA,n,NA,386,NA,311,NA,147,y,84.5,-3.8,NA,-0.3,NA,11.2,-2.7,317,28,78-79,canon,100black,0,tan,n,basalt,,0,boulder,,3.8,1.1,30.2,NA,sbb
696,,Honomanu,86,6/15/2024,NA,n,NA,356,NA,290,NA,113,y,107.9,-3,NA,-0.6,NA,7.8,-4,350,27,80-81,canon,100black,0,brown,n,basalt,,<5,boulder,,6.7,1,27.4,NA,sbb
697,,Honomanu,87,6/15/2024,NA,n,NA,340,NA,257,NA,120,y,89.5,-1.3,NA,-0.1,NA,12.3,-0.9,43,55,82-83,canon,100black,10,brown,n,basalt,,<5,boulder,,4.6,1,27.5,NA,sbb
697,,Honomanu,88,6/15/2024,NA,n,NA,341,NA,265,NA,117,n,54.4,-2.6,NA,-0.3,NA,8.3,-0.5,18,66,84-85,canon,100black,<5,red,y,basalt,,90,boulder,,4.6,1,23.9,NA,sbb
697,,Honomanu,89,6/15/2024,NA,n,NA,411,NA,349,NA,160,n,25.4,-3,NA,-0.5,NA,7.4,-2.7,312,61,86-87,canon,100black,<5,brownred,n,basalt,,0,boulder,,4.8,0.4,22.3,NA,sbb
697,,Honomanu,90,6/15/2024,NA,n,NA,340,NA,280,NA,103,y,78.5,-1.4,NA,-2.4,NA,13.7,-1.4,88,55,88-89,canon,100black,10,tan,n,basalt,,25,boulder,,1.4,0,78.5,NA,sbb
697,,Honomanu,91,6/15/2024,NA,n,NA,383,NA,309,NA,145,y,92.3,-2,NA,-0.3,NA,6.9,-1.4,302,56,90-91,canon,100black,<1,brown,n,basalt,,0,boulder,,1.9,0,90,NA,sbb
698,,Honomanu,92,6/15/2024,NA,n,NA,326,NA,271,NA,106,y,78.7,-0.4,NA,-0.4,NA,13.1,0,334,51,92-93,canon,100black,0,brown,n,basalt,,100,boulder,,0.4,0,90,NA,sbb
698,,Honomanu,93,6/15/2024,NA,n,NA,328,NA,264,NA,94,y,79.3,-2.2,NA,-0.2,NA,8.7,0,303,49,94-95,canon,100black,<1,brown,n,basalt,,95,boulder,,2.4,0,31.5,NA,sbb
698,,Honomanu,94,6/15/2024,NA,n,NA,320,NA,234,NA,101,y,79.6,-0.9,NA,-0.4,NA,10.7,-0.8,71,41,96,canon,100black,5,brown,y,basalt,,50,boulder,,0.9,NA,90,NA,sbb
698,,Honomanu,95,6/15/2024,NA,n,NA,363,NA,301,NA,111,y,81.1,-1.3,NA,-0.6,NA,8.5,0,302,57,97-98,canon,75black,0,tan ,n,basalt,,10,boulder,,1.3,0,90,NA,sbb
698,,Honomanu,96,6/15/2024,NA,n,NA,317,NA,248,NA,104,y,124.8,-2.2,NA,0,NA,11.1,0,257,63,99-100,canon,100black,0,brown,n,basalt,,95,boulder,,1.3,0,90,NA,sbb
698,,Honomanu,97,6/15/2024,NA,n,NA,334,NA,266,NA,107,y,130.6,-3.7,NA,0,NA,8.3,-0.2,293,60,101-102,canon,100black,0,tan,n,basalt,,5,boulder,,4.9,0.7,30.9,NA,sbb
771,,MaaleaLighthouse,98,6/16/2024,NA,n,NA,308,NA,264,NA,104,y,26.4,-8.3,NA,-1,NA,4.4,-4.3,8,190,103-104,canon,100black,20,tan,n,basalt,,0,cliff,,6.7,0,90,NA,ba4
771,,MaaleaLighthouse,99,6/16/2024,NA,n,NA,311,NA,254,NA,110,y,29.7,-8.2,NA,-1,NA,5.7,-3.3,58,192,105-106,canon,100black,10,tan,n,basalt,,10,cliff,,6.7,0,90,NA,ba4
772,,MaaleaLighthouse,100,6/16/2024,NA,n,NA,309,NA,244,NA,102,y,76.4,-8.8,NA,-4.4,NA,3.8,-4.9,190,192,107-108,canon,100black,20,tan,n,basalt,,15,cliff,,6.9,0,90,NA,ba4
772,,MaaleaLighthouse,101,6/16/2024,NA,n,NA,306,NA,249,NA,114,y,71.2,-5.7,NA,-1.2,NA,7.2,-2,191,192,109-110,canon,100black,25,tan,n,basalt,,50,cliff,,4.8,0,90,NA,ba4
772,,MaaleaLighthouse,102,6/16/2024,NA,n,NA,300,NA,248,NA,96,y,89.7,-7.3,NA,-2,NA,6.2,-4,175,170,111-112,canon,100black,95,tan,n,basalt,,0,cliff,,5.6,0,90,NA,ba4
773,,MaaleaLighthouse,103,6/16/2024,NA,n,NA,329,NA,266,NA,110,y,52.6,-9.5,NA,-3.6,NA,5.4,-5.6,306,231,113-114,canon,100black,85,grey,n,basalt,,5,cliff,,7.2,0,90,NA,ba4
773,,MaaleaLighthouse,104,6/16/2024,NA,n,NA,371,NA,313,NA,123,y,5.2,-5.2,NA,2.1,NA,6.1,-0.8,262,201,115-116,canon,100black,5,tan,n,basalt,,20,cliff,,3.6,0,90,NA,ba4
774,,MaaleaLighthouse,105,6/16/2024,NA,n,NA,318,NA,248,NA,98,y,79.8,-5.6,NA,0.8,NA,6.2,-2,215,199,117-118,canon,100black,5,tan,n,basalt,,0,cliff,,4.2,0,90,NA,ba4
774,,MaaleaLighthouse,106,6/16/2024,NA,n,NA,300,NA,242,NA,195,y,70.3,-5,NA,3.8,NA,8.1,-0.8,320,196,119-120,canon,100black,5,tan,n,basalt,,95,cliff,,3.8,0,90,NA,ba4
774,,MaaleaLighthouse,107,6/16/2024,NA,n,NA,351,NA,299,NA,128,y,62.6,-5.5,NA,-0.9,NA,7,-0.8,206,208,121-122,canon,100black,5,tan,n,basalt,,<5,cliff,,3.5,0,90,NA,ba4
774,,MaaleaLighthouse,108,6/16/2024,NA,n,NA,368,NA,399,NA,145,y,29.3,-6,NA,0.2,NA,6.9,-0.7,212,215,123-124,canon,100black,25,tan,n,basalt,,5,cliff,,3.8,0,90,NA,ba4
793,,LaPerouseBayBench,109,6/18/2024,NA,n,NA,338,NA,270,NA,125,y,59.3,-1.7,NA,-1.3,NA,10.6,-1.2,194,206,125(1),canon,95black,10,tan,n,basalt papa,,5,bench,,1.2,0,90,NA,
793,,LaPerouseBayBench,110,6/18/2024,NA,y,NA,328,NA,272,NA,112,y,59.6,-1,NA,-0.4,NA,11,-0.6,124,209,126(2),canon,100black,0,tan,n,basalt papa,,0,bench,,1,0,90,NA,
793,,LaPerouseBayBench,111,6/18/2024,NA,n,NA,317,NA,282,NA,156,n,99,-2.2,NA,-0.4,NA,10,-1.5,43,210,127(3),canon,87.5black,10,tan,n,basalt papa,barnacle on shell,0,bench,,1.1,0,90,NA,
793,,LaPerouseBayBench,112,6/18/2024,NA,n,NA,347,NA,280,NA,105,y,62.7,-0.7,NA,-0.5,NA,9.7,-0.4,132,204,128-129,canon,100black,5,tan,n,basalt papa,,0,bench,,0.7,0,90,NA,
794,,LaPerouseBayBench,113,6/18/2024,NA,n,NA,300,NA,248,NA,95,y,60.2,-0.5,NA,-0.1,NA,13.1,-0.1,113,213,130-131,canon,100black,5,tan,n,basalt papa,,0,bench,,0.5,0,90,NA,
794,,LaPerouseBayBench,114,6/18/2024,NA,n,NA,348,NA,285,NA,105,y,48.7,-0.6,NA,-0.4,NA,13.3,-0.4,139,211,132-133,canon,100black,10,tan,n,basalt papa,50% light 50% dark,0,bench,,0.6,0,90,NA,
794,,LaPerouseBayBench,115,6/18/2024,NA,n,NA,351,NA,294,NA,154,y,19,-0.7,NA,-0.7,NA,13.9,-0.5,319,210,134-135,canon,100black,5,tan,n,basalt papa,,0,bench,,0.7,0,90,NA,
794,,LaPerouseBayBench,116,6/18/2024,NA,n,NA,304,NA,255,NA,131,y,49.1,-1.2,NA,-0.4,NA,12.8,-0.4,270,212,136-137,canon,87.5black,5,tan,n,basalt papa,,0,bench,,1,0,90,NA,
794,,LaPerouseBayBench,117,6/18/2024,NA,n,NA,389,NA,320,NA,170,y,15.4,-1.3,NA,0,NA,15.8,-0.3,337,144,138-139,canon,100black,5,tan,n,basalt papa,,0,bench,,1,0,90,NA,
794,,LaPerouseBayCliff,118,6/18/2024,NA,n,NA,320,NA,272,NA,127,y,67.2,-1.4,NA,-0.9,NA,18.8,-0.2,124,212,140-141,canon,100black,5,tan,n,basalt cliff,,0,cliff,,1.1,0,90,NA,
795,,LaPerouseBayCliff,119,6/18/2024,NA,n,NA,485,NA,320,NA,122,y,104.5,-0.9,NA,-0.5,NA,1.7,-0.5,296,254,142-143,canon,100black,10,tan,n,basalt cliff,,0,cliff,,0.9,0,90,NA,
795,,LaPerouseBayCliff,120,6/18/2024,NA,n,NA,372,NA,303,NA,137,y,95.6,-2.5,NA,-2.2,NA,0.3,-1.2,233,254,144-145,canon,100black,25,tan,n,basalt cliff,,0,cliff,,2,0,90,NA,
795,,LaPerouseBayCliff,121,6/18/2024,NA,n,NA,420,NA,351,NA,160,y,114.1,-1.1,NA,-1,NA,1.4,0,314,260,146-147,canon,100black,20,tan,n,basalt cliff,,0,cliff,,1.1,0,90,NA,
795,,LaPerouseBayCliff,122,6/18/2024,NA,n,NA,384,NA,298,NA,130,y,61.6,-1.5,NA,-1.3,NA,0.8,-0.2,310,244,148-149,canon,100black,50,tan,n,basalt cliff,,0,cliff,,1.3,0,90,NA,
796,,LaPerouseBayCliff,123,6/18/2024,NA,n,NA,430,NA,357,NA,130,y,93.9,-1.7,NA,-1.5,NA,2,-0.5,213,240,150-151,canon,100black,15,tan,n,basalt cliff,,0,cliff,,0.7,0,90,NA,
608,,KahuluiBreakwaterBasaltOutside,124,6/13/2024,NA,n,NA,300,NA,233,NA,78,y,62,-2.4,NA,-1.7,NA,4.8,-1.2,281,333,1-2,canon,100black,15,lightgrey,n,basalt,in a crevice,0,boulder,,NA,NA,NA,NA,
608,,KahuluiBreakwaterBasaltOutside,125,6/13/2024,NA,n,NA,300,NA,234,NA,99,y,58.5,-2.8,NA,-1.9,NA,3.7,-0.6,270,337,3-4,canon,100black,0,tan,n,basalt,in same crevice as above,50,boulder,,NA,NA,NA,NA,
613,,KahuluiBreakwaterBasaltOutside,126,6/13/2024,NA,n,NA,334,NA,267,NA,100,y,82.2,-2.8,NA,-0.7,NA,13.3,-0.7,186,330,5-6,canon,100black,5,tan,n,basalt,,95,boulder,,NA,NA,NA,NA,
613,,KahuluiBreakwaterBasaltOutside,127,6/13/2024,NA,n,NA,300,NA,223,NA,99,n,45.1,-6,NA,0.3,NA,3.8,0,222,325,7-8,canon,100black,<5,tan,n,basalt,,10,boulder,,NA,NA,NA,NA,
614,,KahuluiBreakwaterBasaltOutside,128,6/13/2024,NA,n,NA,322,NA,256,NA,10,n,75.5,-7.5,NA,-1,NA,6,0,273,323,9-10,canon,100black,5,white,n,basalt,height measure doesn’t seem right,50,boulder,,NA,NA,NA,NA,
616,,KahuluiBreakwaterBasaltOutside,129,6/13/2024,NA,n,NA,334,NA,299,NA,101,n,153,-10,NA,0,NA,4,0,165,336,11-12,canon,100black,0,tan,n,basalt,,5,boulder,,NA,NA,NA,NA,
620,,MaaleaLighthouse,130,6/13/2024,NA,n,NA,455,NA,356,NA,156,y,80.5,-6.5,NA,-0.5,NA,14,-2,12,65,13-14,canon,100black,<5,darktan,n,basalt,,0,bench,,NA,NA,NA,NA,
620,,MaaleaLighthouse,131,6/13/2024,NA,n,NA,500,NA,411,NA,168,y,86,-8,NA,0.5,NA,12.6,-1.8,66,48,15-16,canon,100black,0,grey,n,basalt,,5,bench,,NA,NA,NA,NA,
621,,MaaleaLighthouse,132,6/13/2024,NA,n,NA,433,NA,354,NA,132,y,26.2,-11,NA,-2.4,NA,18,-1.2,136,75,17-18,canon,100black,<5,tan,n,basalt,,10,bench,,NA,NA,NA,NA,
621,,MaaleaLighthouse,133,6/13/2024,NA,n,NA,378,NA,299,NA,99,y,14.5,-7,NA,-1.7,NA,19.5,-1.5,110,80,19-20,canon,100black,0,tan,n,basalt,,5,bench,,NA,NA,NA,NA,
621,,MaaleaLighthouse,134,6/13/2024,NA,n,NA,400,NA,312,NA,122,y,24.4,-8.4,NA,-0.3,NA,15,-2,130,60,21-22,canon,100black,5,grey,n,basalt,,0,bench,,NA,NA,NA,NA,
623,,MaaleaLighthouse,135,6/13/2024,NA,n,NA,477,NA,356,NA,156,y,113.8,-10,NA,1.2,NA,16,-0.6,136,65,23-24,canon,100black,<5,tan,n,basalt,,<5,bench,,NA,NA,NA,NA,
623,,MaaleaLighthouse,136,6/13/2024,NA,n,NA,411,NA,333,NA,123,y,110.6,-10.8,NA,0.7,NA,16,-0.8,140,71,25-26,canon,100black,5,grey,n,basalt,,5,bench,,NA,NA,NA,NA,
624,,MaaleaLighthouse,137,6/13/2024,NA,n,NA,422,NA,334,NA,123,y,76,-9,NA,-3.1,NA,12,-3.6,97,74,27-28,canon,100black,0,tan,n,basalt,,0,bench,,NA,NA,NA,NA,
624,,MaaleaLighthouse,138,6/13/2024,NA,n,NA,400,NA,322,NA,111,y,53.6,-10,NA,-0.5,NA,10.5,-4.6,284,73,29-30,canon,100black,<5,darktan,n,basalt,,0,bench,,NA,NA,NA,NA,
624,,MaaleaLighthouse,139,6/13/2024,NA,n,NA,401,NA,333,NA,123,y,102.9,-11,NA,0.85,NA,11.5,-0.9,143,68,31-32,canon,100black,5,grey,n,basalt,,5,bench,,NA,NA,NA,NA,
625,,MaaleaLighthouse,140,6/13/2024,NA,n,NA,333,NA,277,NA,100,y,21.5,-8.9,NA,-3.9,NA,13,-6.3,307,99,33-34,canon,100black,10,grey,n,basalt,,0,bench,,NA,NA,NA,NA,
625,,MaaleaLighthouse,141,6/13/2024,NA,n,NA,400,NA,311,NA,123,y,42,-7.9,NA,NA,NA,17,-4.7,325,85,35-36,canon,100black,10,grey,n,basalt,,0,bench,,NA,NA,NA,NA,
625,,MaaleaLighthouse,142,6/13/2024,NA,n,NA,344,NA,278,NA,101,y,23.2,-7.8,NA,NA,NA,13.5,-5.5,3,86,37-38,canon,100black,0,darktan,n,basalt,,50,bench,,NA,NA,NA,NA,
625,,MaaleaLighthouse,143,6/13/2024,NA,n,NA,333,NA,267,NA,101,y,74.3,-11,NA,NA,NA,11.4,-7.1,125,83,39-40,canon,100black,15,grey,n,basalt,,0,bench,,NA,NA,NA,NA,
626,,MaaleaLighthouse,144,6/13/2024,NA,n,NA,412,NA,334,NA,133,y,66.6,-7.2,NA,NA,NA,15.2,-1.7,269,90,41-42,canon,100black,<5,tan,n,basalt,,75,bench,,NA,NA,NA,NA,
